<?xml version="1.0" encoding="UTF-8"?>
<Configuration status="info">
    <Appenders>
        <Console name="Console" target="SYSTEM_OUT">

            <!-- Flow tracing is most useful with a pattern that shows location.
                 Below pattern outputs class, line number and method name. -->
            <PatternLayout pattern=" %class{36} %L %M - %msg%xEx%n"/>
        </Console>
        <File name="log" fileName="target/test.log" append="true">
            <PatternLayout pattern="%d{DATE} %-5level %class{36} %L %M - %msg%xEx%n"/>
        </File>c
    </Appenders>
    <Loggers>
        <Root level="trace">
         <!--   <AppenderRef ref="log"/>-->
            <AppenderRef ref="Console"/>
        </Root>
    </Loggers>
</Configuration>