{
  "protocol_version" : "0.0.6",
  "configuration" : {
    "version" : "(6.12.0.122) (tarball)",
    "tlc" : "normal",
    "sigsgev" : "altstack",
    "notifications" : "kqueue",
    "architecture" : "amd64",
    "disabled_features" : "none",
    "smallconfig" : "disabled",
    "bigarrays" : "disabled",
    "softdebug" : "enabled",
    "interpreter" : "enabled",
    "llvm_support" : "disabled",
    "suspend" : "hybrid"
  },
  "memory" : {
    "Resident Size" : "92577792",
    "Virtual Size" : "35166986240",
    "minor_gc_time" : "197095",
    "major_gc_time" : "0",
    "minor_gc_count" : "8",
    "major_gc_count" : "0",
    "major_gc_time_concurrent" : "0"
 },
  "threads" : [
 {
    "is_managed" : false,
    "offset_free_hash" : "0xb38e474a",
    "offset_rich_hash" : "0x7b43d885b",
    "crashed" : false,
    "native_thread_id" : "0x70000513a000",
    "thread_info_addr" : "0x7fef99822e00",
    "thread_name" : "Thread Pool Worker",
    "ctx" : {
      "IP" : "0x7ff81905eb0e",
      "SP" : "0x700005139e78",
      "BP" : "0x700005139ee0"
  },
    "unmanaged_frames" : [
  {
      "is_managed" : "false",
      "native_address" : "0x10008a784",
      "native_offset" : "0x00036",
      "native_module" : "mono",
      "unmanaged_name" : "mono_summarize_unmanaged_stack"
   }
,
  {
      "is_managed" : "false",
      "native_address" : "0x1001e6e37",
      "native_offset" : "0x00047",
      "native_module" : "mono",
      "unmanaged_name" : "mono_threads_summarize_native_self"
   }
,
  {
      "is_managed" : "false",
      "native_address" : "0x1001e6f89",
      "native_offset" : "0x00259",
      "native_module" : "mono",
      "unmanaged_name" : "mono_threads_summarize_execute_internal"
   }
,
  {
      "is_managed" : "false",
      "native_address" : "0x1001e6ef8",
      "native_offset" : "0x00077",
      "native_module" : "mono",
      "unmanaged_name" : "mono_threads_summarize_execute"
   }
,
  {
      "is_managed" : "false",
      "native_address" : "0x1000e583b",
      "native_offset" : "0x00070",
      "native_module" : "mono",
      "unmanaged_name" : "sigterm_signal_handler"
   }
,
  {
      "is_managed" : "false",
      "native_address" : "0x7ff8190b0e2d",
      "native_offset" : "0x00000"
   }
,
  {
      "is_managed" : "true",
      "guid" : "FA2CC250-9168-4923-A39F-08BC86FA1884",
      "token" : "0x60022e5",
      "native_offset" : "0x0",
      "filename" : "mscorlib.dll",
      "sizeofimage" : "0x472000",
      "timestamp" : "0xbe600fd0",
      "il_offset" : "0x00000"
   }
,
  {
      "is_managed" : "false",
      "native_address" : "0x1001e7a78",
      "native_offset" : "0x00143",
      "native_module" : "mono",
      "unmanaged_name" : "start_wrapper_internal"
   }
,
  {
      "is_managed" : "false",
      "native_address" : "0x1001e7a22",
      "native_offset" : "0x00026",
      "native_module" : "mono",
      "unmanaged_name" : "start_wrapper"
   }
,
  {
      "is_managed" : "false",
      "native_address" : "0x7ff81909b4f4",
      "native_offset" : "0x00000"
   }
,
  {
      "is_managed" : "false",
      "native_address" : "0x7ff81909700f",
      "native_offset" : "0x00000"
   }

  ]
 },
 {
    "is_managed" : false,
    "offset_free_hash" : "0x0",
    "offset_rich_hash" : "0xa01121d5f",
    "crashed" : false,
    "native_thread_id" : "0x700002b01000",
    "thread_info_addr" : "0x7fef970f2a00",
    "thread_name" : "tid_5003",
    "ctx" : {
      "IP" : "0x7ff819061506",
      "SP" : "0x700002b00d28",
      "BP" : "0x700002b00dd0"
  },
    "unmanaged_frames" : [
  {
      "is_managed" : "false",
      "native_address" : "0x10008a784",
      "native_offset" : "0x00036",
      "native_module" : "mono",
      "unmanaged_name" : "mono_summarize_unmanaged_stack"
   }
,
  {
      "is_managed" : "false",
      "native_address" : "0x1001e6e37",
      "native_offset" : "0x00047",
      "native_module" : "mono",
      "unmanaged_name" : "mono_threads_summarize_native_self"
   }
,
  {
      "is_managed" : "false",
      "native_address" : "0x1001e6f89",
      "native_offset" : "0x00259",
      "native_module" : "mono",
      "unmanaged_name" : "mono_threads_summarize_execute_internal"
   }
,
  {
      "is_managed" : "false",
      "native_address" : "0x1001e6ef8",
      "native_offset" : "0x00077",
      "native_module" : "mono",
      "unmanaged_name" : "mono_threads_summarize_execute"
   }
,
  {
      "is_managed" : "false",
      "native_address" : "0x1000e583b",
      "native_offset" : "0x00070",
      "native_module" : "mono",
      "unmanaged_name" : "sigterm_signal_handler"
   }
,
  {
      "is_managed" : "false",
      "native_address" : "0x7ff8190b0e2d",
      "native_offset" : "0x00000"
   }
,
  {
      "is_managed" : "false",
      "native_address" : "unregistered"
   }
,
  {
      "is_managed" : "false",
      "native_address" : "0x100275803",
      "native_offset" : "0x00051",
      "native_module" : "mono",
      "unmanaged_name" : "mono_os_cond_timedwait"
   }
,
  {
      "is_managed" : "false",
      "native_address" : "0x10027e91a",
      "native_offset" : "0x0023b",
      "native_module" : "mono",
      "unmanaged_name" : "mono_thread_info_sleep"
   }
,
  {
      "is_managed" : "false",
      "native_address" : "0x100139b31",
      "native_offset" : "0x000a7",
      "native_module" : "mono",
      "unmanaged_name" : "monitor_thread"
   }
,
  {
      "is_managed" : "false",
      "native_address" : "0x1001e7a78",
      "native_offset" : "0x00143",
      "native_module" : "mono",
      "unmanaged_name" : "start_wrapper_internal"
   }
,
  {
      "is_managed" : "false",
      "native_address" : "0x1001e7a22",
      "native_offset" : "0x00026",
      "native_module" : "mono",
      "unmanaged_name" : "start_wrapper"
   }
,
  {
      "is_managed" : "false",
      "native_address" : "0x7ff81909b4f4",
      "native_offset" : "0x00000"
   }
,
  {
      "is_managed" : "false",
      "native_address" : "0x7ff81909700f",
      "native_offset" : "0x00000"
   }

  ]
 },
 {
    "is_managed" : false,
    "offset_free_hash" : "0x0",
    "offset_rich_hash" : "0x700af4111",
    "crashed" : false,
    "native_thread_id" : "0x700003d1c000",
    "thread_info_addr" : "0x7fef9a8c7a00",
    "thread_name" : "Thread Pool Worker",
    "ctx" : {
      "IP" : "0x7ff81905eb0e",
      "SP" : "0x700003d1be78",
      "BP" : "0x700003d1bee0"
  },
    "unmanaged_frames" : [
  {
      "is_managed" : "false",
      "native_address" : "0x10008a784",
      "native_offset" : "0x00036",
      "native_module" : "mono",
      "unmanaged_name" : "mono_summarize_unmanaged_stack"
   }
,
  {
      "is_managed" : "false",
      "native_address" : "0x1001e6e37",
      "native_offset" : "0x00047",
      "native_module" : "mono",
      "unmanaged_name" : "mono_threads_summarize_native_self"
   }
,
  {
      "is_managed" : "false",
      "native_address" : "0x1001e6f89",
      "native_offset" : "0x00259",
      "native_module" : "mono",
      "unmanaged_name" : "mono_threads_summarize_execute_internal"
   }
,
  {
      "is_managed" : "false",
      "native_address" : "0x1001e6ef8",
      "native_offset" : "0x00077",
      "native_module" : "mono",
      "unmanaged_name" : "mono_threads_summarize_execute"
   }
,
  {
      "is_managed" : "false",
      "native_address" : "0x1000e583b",
      "native_offset" : "0x00070",
      "native_module" : "mono",
      "unmanaged_name" : "sigterm_signal_handler"
   }
,
  {
      "is_managed" : "false",
      "native_address" : "0x7ff8190b0e2d",
      "native_offset" : "0x00000"
   }
,
  {
      "is_managed" : "false",
      "native_address" : "unregistered"
   }
,
  {
      "is_managed" : "false",
      "native_address" : "0x1001e7a78",
      "native_offset" : "0x00143",
      "native_module" : "mono",
      "unmanaged_name" : "start_wrapper_internal"
   }
,
  {
      "is_managed" : "false",
      "native_address" : "0x1001e7a22",
      "native_offset" : "0x00026",
      "native_module" : "mono",
      "unmanaged_name" : "start_wrapper"
   }
,
  {
      "is_managed" : "false",
      "native_address" : "0x7ff81909b4f4",
      "native_offset" : "0x00000"
   }
,
  {
      "is_managed" : "false",
      "native_address" : "0x7ff81909700f",
      "native_offset" : "0x00000"
   }

  ]
 },
 {
    "is_managed" : false,
    "offset_free_hash" : "0xb38e474a",
    "offset_rich_hash" : "0x7b43d885b",
    "crashed" : false,
    "native_thread_id" : "0x700004f37000",
    "thread_info_addr" : "0x7fef9900e200",
    "thread_name" : "Thread Pool Worker",
    "ctx" : {
      "IP" : "0x7ff81905eb0e",
      "SP" : "0x700004f36e78",
      "BP" : "0x700004f36ee0"
  },
    "unmanaged_frames" : [
  {
      "is_managed" : "false",
      "native_address" : "0x10008a784",
      "native_offset" : "0x00036",
      "native_module" : "mono",
      "unmanaged_name" : "mono_summarize_unmanaged_stack"
   }
,
  {
      "is_managed" : "false",
      "native_address" : "0x1001e6e37",
      "native_offset" : "0x00047",
      "native_module" : "mono",
      "unmanaged_name" : "mono_threads_summarize_native_self"
   }
,
  {
      "is_managed" : "false",
      "native_address" : "0x1001e6f89",
      "native_offset" : "0x00259",
      "native_module" : "mono",
      "unmanaged_name" : "mono_threads_summarize_execute_internal"
   }
,
  {
      "is_managed" : "false",
      "native_address" : "0x1001e6ef8",
      "native_offset" : "0x00077",
      "native_module" : "mono",
      "unmanaged_name" : "mono_threads_summarize_execute"
   }
,
  {
      "is_managed" : "false",
      "native_address" : "0x1000e583b",
      "native_offset" : "0x00070",
      "native_module" : "mono",
      "unmanaged_name" : "sigterm_signal_handler"
   }
,
  {
      "is_managed" : "false",
      "native_address" : "0x7ff8190b0e2d",
      "native_offset" : "0x00000"
   }
,
  {
      "is_managed" : "true",
      "guid" : "FA2CC250-9168-4923-A39F-08BC86FA1884",
      "token" : "0x60022e5",
      "native_offset" : "0x0",
      "filename" : "mscorlib.dll",
      "sizeofimage" : "0x472000",
      "timestamp" : "0xbe600fd0",
      "il_offset" : "0x00000"
   }
,
  {
      "is_managed" : "false",
      "native_address" : "0x1001e7a78",
      "native_offset" : "0x00143",
      "native_module" : "mono",
      "unmanaged_name" : "start_wrapper_internal"
   }
,
  {
      "is_managed" : "false",
      "native_address" : "0x1001e7a22",
      "native_offset" : "0x00026",
      "native_module" : "mono",
      "unmanaged_name" : "start_wrapper"
   }
,
  {
      "is_managed" : "false",
      "native_address" : "0x7ff81909b4f4",
      "native_offset" : "0x00000"
   }
,
  {
      "is_managed" : "false",
      "native_address" : "0x7ff81909700f",
      "native_offset" : "0x00000"
   }

  ]
 },
 {
    "is_managed" : false,
    "offset_free_hash" : "0x0",
    "offset_rich_hash" : "0x900ecaffc",
    "crashed" : false,
    "native_thread_id" : "0x7000028fe000",
    "thread_info_addr" : "0x7fef9a0a1600",
    "thread_name" : "Thread Pool I/O Selector",
    "ctx" : {
      "IP" : "0x7ff819066e4a",
      "SP" : "0x7000028fdbf8",
      "BP" : "0x7000028fddd0"
  },
    "unmanaged_frames" : [
  {
      "is_managed" : "false",
      "native_address" : "0x10008a784",
      "native_offset" : "0x00036",
      "native_module" : "mono",
      "unmanaged_name" : "mono_summarize_unmanaged_stack"
   }
,
  {
      "is_managed" : "false",
      "native_address" : "0x1001e6e37",
      "native_offset" : "0x00047",
      "native_module" : "mono",
      "unmanaged_name" : "mono_threads_summarize_native_self"
   }
,
  {
      "is_managed" : "false",
      "native_address" : "0x1001e6f89",
      "native_offset" : "0x00259",
      "native_module" : "mono",
      "unmanaged_name" : "mono_threads_summarize_execute_internal"
   }
,
  {
      "is_managed" : "false",
      "native_address" : "0x1001e6ef8",
      "native_offset" : "0x00077",
      "native_module" : "mono",
      "unmanaged_name" : "mono_threads_summarize_execute"
   }
,
  {
      "is_managed" : "false",
      "native_address" : "0x1000e583b",
      "native_offset" : "0x00070",
      "native_module" : "mono",
      "unmanaged_name" : "sigterm_signal_handler"
   }
,
  {
      "is_managed" : "false",
      "native_address" : "0x7ff8190b0e2d",
      "native_offset" : "0x00000"
   }
,
  {
      "is_managed" : "false",
      "native_address" : "0x109a34798",
      "native_offset" : "0x00000"
   }
,
  {
      "is_managed" : "false",
      "native_address" : "0x1001ebc33",
      "native_offset" : "0x00078",
      "native_module" : "mono",
      "unmanaged_name" : "poll_event_wait"
   }
,
  {
      "is_managed" : "false",
      "native_address" : "0x1001eb2b8",
      "native_offset" : "0x0047c",
      "native_module" : "mono",
      "unmanaged_name" : "selector_thread"
   }
,
  {
      "is_managed" : "false",
      "native_address" : "0x1001e7a78",
      "native_offset" : "0x00143",
      "native_module" : "mono",
      "unmanaged_name" : "start_wrapper_internal"
   }
,
  {
      "is_managed" : "false",
      "native_address" : "0x1001e7a22",
      "native_offset" : "0x00026",
      "native_module" : "mono",
      "unmanaged_name" : "start_wrapper"
   }
,
  {
      "is_managed" : "false",
      "native_address" : "0x7ff81909b4f4",
      "native_offset" : "0x00000"
   }
,
  {
      "is_managed" : "false",
      "native_address" : "0x7ff81909700f",
      "native_offset" : "0x00000"
   }

  ]
 },
 {
    "is_managed" : false,
    "offset_free_hash" : "0xb38e474a",
    "offset_rich_hash" : "0x7b43d885b",
    "crashed" : false,
    "native_thread_id" : "0x700003b19000",
    "thread_info_addr" : "0x7fef9a02e200",
    "thread_name" : "Thread Pool Worker",
    "ctx" : {
      "IP" : "0x7ff81905eb0e",
      "SP" : "0x700003b18e78",
      "BP" : "0x700003b18ee0"
  },
    "unmanaged_frames" : [
  {
      "is_managed" : "false",
      "native_address" : "0x10008a784",
      "native_offset" : "0x00036",
      "native_module" : "mono",
      "unmanaged_name" : "mono_summarize_unmanaged_stack"
   }
,
  {
      "is_managed" : "false",
      "native_address" : "0x1001e6e37",
      "native_offset" : "0x00047",
      "native_module" : "mono",
      "unmanaged_name" : "mono_threads_summarize_native_self"
   }
,
  {
      "is_managed" : "false",
      "native_address" : "0x1001e6f89",
      "native_offset" : "0x00259",
      "native_module" : "mono",
      "unmanaged_name" : "mono_threads_summarize_execute_internal"
   }
,
  {
      "is_managed" : "false",
      "native_address" : "0x1001e6ef8",
      "native_offset" : "0x00077",
      "native_module" : "mono",
      "unmanaged_name" : "mono_threads_summarize_execute"
   }
,
  {
      "is_managed" : "false",
      "native_address" : "0x1000e583b",
      "native_offset" : "0x00070",
      "native_module" : "mono",
      "unmanaged_name" : "sigterm_signal_handler"
   }
,
  {
      "is_managed" : "false",
      "native_address" : "0x7ff8190b0e2d",
      "native_offset" : "0x00000"
   }
,
  {
      "is_managed" : "true",
      "guid" : "FA2CC250-9168-4923-A39F-08BC86FA1884",
      "token" : "0x60022e5",
      "native_offset" : "0x0",
      "filename" : "mscorlib.dll",
      "sizeofimage" : "0x472000",
      "timestamp" : "0xbe600fd0",
      "il_offset" : "0x00000"
   }
,
  {
      "is_managed" : "false",
      "native_address" : "0x1001e7a78",
      "native_offset" : "0x00143",
      "native_module" : "mono",
      "unmanaged_name" : "start_wrapper_internal"
   }
,
  {
      "is_managed" : "false",
      "native_address" : "0x1001e7a22",
      "native_offset" : "0x00026",
      "native_module" : "mono",
      "unmanaged_name" : "start_wrapper"
   }
,
  {
      "is_managed" : "false",
      "native_address" : "0x7ff81909b4f4",
      "native_offset" : "0x00000"
   }
,
  {
      "is_managed" : "false",
      "native_address" : "0x7ff81909700f",
      "native_offset" : "0x00000"
   }

  ]
 },
 {
    "is_managed" : false,
    "offset_free_hash" : "0xb38e474a",
    "offset_rich_hash" : "0x7b43d885b",
    "crashed" : false,
    "native_thread_id" : "0x700004d34000",
    "thread_info_addr" : "0x7fef9b80a400",
    "thread_name" : "Thread Pool Worker",
    "ctx" : {
      "IP" : "0x7ff81905eb0e",
      "SP" : "0x700004d33e78",
      "BP" : "0x700004d33ee0"
  },
    "unmanaged_frames" : [
  {
      "is_managed" : "false",
      "native_address" : "0x10008a784",
      "native_offset" : "0x00036",
      "native_module" : "mono",
      "unmanaged_name" : "mono_summarize_unmanaged_stack"
   }
,
  {
      "is_managed" : "false",
      "native_address" : "0x1001e6e37",
      "native_offset" : "0x00047",
      "native_module" : "mono",
      "unmanaged_name" : "mono_threads_summarize_native_self"
   }
,
  {
      "is_managed" : "false",
      "native_address" : "0x1001e6f89",
      "native_offset" : "0x00259",
      "native_module" : "mono",
      "unmanaged_name" : "mono_threads_summarize_execute_internal"
   }
,
  {
      "is_managed" : "false",
      "native_address" : "0x1001e6ef8",
      "native_offset" : "0x00077",
      "native_module" : "mono",
      "unmanaged_name" : "mono_threads_summarize_execute"
   }
,
  {
      "is_managed" : "false",
      "native_address" : "0x1000e583b",
      "native_offset" : "0x00070",
      "native_module" : "mono",
      "unmanaged_name" : "sigterm_signal_handler"
   }
,
  {
      "is_managed" : "false",
      "native_address" : "0x7ff8190b0e2d",
      "native_offset" : "0x00000"
   }
,
  {
      "is_managed" : "true",
      "guid" : "FA2CC250-9168-4923-A39F-08BC86FA1884",
      "token" : "0x60022e5",
      "native_offset" : "0x0",
      "filename" : "mscorlib.dll",
      "sizeofimage" : "0x472000",
      "timestamp" : "0xbe600fd0",
      "il_offset" : "0x00000"
   }
,
  {
      "is_managed" : "false",
      "native_address" : "0x1001e7a78",
      "native_offset" : "0x00143",
      "native_module" : "mono",
      "unmanaged_name" : "start_wrapper_internal"
   }
,
  {
      "is_managed" : "false",
      "native_address" : "0x1001e7a22",
      "native_offset" : "0x00026",
      "native_module" : "mono",
      "unmanaged_name" : "start_wrapper"
   }
,
  {
      "is_managed" : "false",
      "native_address" : "0x7ff81909b4f4",
      "native_offset" : "0x00000"
   }
,
  {
      "is_managed" : "false",
      "native_address" : "0x7ff81909700f",
      "native_offset" : "0x00000"
   }

  ]
 },
 {
    "is_managed" : false,
    "offset_free_hash" : "0x0",
    "offset_rich_hash" : "0x700af4111",
    "crashed" : false,
    "native_thread_id" : "0x7000023f2000",
    "thread_info_addr" : "0x7fef9703ca00",
    "thread_name" : "Finalizer",
    "ctx" : {
      "IP" : "0x7ff81905eaf6",
      "SP" : "0x7000023f1e98",
      "BP" : "0x7000023f1ee0"
  },
    "unmanaged_frames" : [
  {
      "is_managed" : "false",
      "native_address" : "0x10008a784",
      "native_offset" : "0x00036",
      "native_module" : "mono",
      "unmanaged_name" : "mono_summarize_unmanaged_stack"
   }
,
  {
      "is_managed" : "false",
      "native_address" : "0x1001e6e37",
      "native_offset" : "0x00047",
      "native_module" : "mono",
      "unmanaged_name" : "mono_threads_summarize_native_self"
   }
,
  {
      "is_managed" : "false",
      "native_address" : "0x1001e6f89",
      "native_offset" : "0x00259",
      "native_module" : "mono",
      "unmanaged_name" : "mono_threads_summarize_execute_internal"
   }
,
  {
      "is_managed" : "false",
      "native_address" : "0x1001e6ef8",
      "native_offset" : "0x00077",
      "native_module" : "mono",
      "unmanaged_name" : "mono_threads_summarize_execute"
   }
,
  {
      "is_managed" : "false",
      "native_address" : "0x1000e583b",
      "native_offset" : "0x00070",
      "native_module" : "mono",
      "unmanaged_name" : "sigterm_signal_handler"
   }
,
  {
      "is_managed" : "false",
      "native_address" : "0x7ff8190b0e2d",
      "native_offset" : "0x00000"
   }
,
  {
      "is_managed" : "false",
      "native_address" : "0x7fef9ab61e18",
      "native_offset" : "0x00000"
   }
,
  {
      "is_managed" : "false",
      "native_address" : "0x1001e7a78",
      "native_offset" : "0x00143",
      "native_module" : "mono",
      "unmanaged_name" : "start_wrapper_internal"
   }
,
  {
      "is_managed" : "false",
      "native_address" : "0x1001e7a22",
      "native_offset" : "0x00026",
      "native_module" : "mono",
      "unmanaged_name" : "start_wrapper"
   }
,
  {
      "is_managed" : "false",
      "native_address" : "0x7ff81909b4f4",
      "native_offset" : "0x00000"
   }
,
  {
      "is_managed" : "false",
      "native_address" : "0x7ff81909700f",
      "native_offset" : "0x00000"
   }

  ]
 },
 {
    "is_managed" : true,
    "offset_free_hash" : "0x3fa2053a4",
    "offset_rich_hash" : "0xdfb2f32bf",
    "crashed" : false,
    "native_thread_id" : "0x7000026fb000",
    "thread_info_addr" : "0x7fef9a095600",
    "thread_name" : "OutOfProc Endpoint Packet Pump",
    "ctx" : {
      "IP" : "0x7ff819061506",
      "SP" : "0x7000026f9e48",
      "BP" : "0x7000026f9ef0"
  },
    "managed_frames" : [
  {
      "is_managed" : "false",
      "native_address" : "unregistered"
   }
,
  {
      "is_managed" : "true",
      "guid" : "FA2CC250-9168-4923-A39F-08BC86FA1884",
      "token" : "0x00000",
      "native_offset" : "0x0",
      "filename" : "mscorlib.dll",
      "sizeofimage" : "0x472000",
      "timestamp" : "0xbe600fd0",
      "il_offset" : "0x00000"
   }
,
  {
      "is_managed" : "true",
      "guid" : "FA2CC250-9168-4923-A39F-08BC86FA1884",
      "token" : "0x6002057",
      "native_offset" : "0x0",
      "filename" : "mscorlib.dll",
      "sizeofimage" : "0x472000",
      "timestamp" : "0xbe600fd0",
      "il_offset" : "0x00000"
   }
,
  {
      "is_managed" : "true",
      "guid" : "791A2046-345F-46A5-8BB7-D34A5BCE2225",
      "token" : "0x6000faf",
      "native_offset" : "0x0",
      "filename" : "Microsoft.Build.dll",
      "sizeofimage" : "0x1e6000",
      "timestamp" : "0x9b5cfbd5",
      "il_offset" : "0x0003d"
   }
,
  {
      "is_managed" : "true",
      "guid" : "791A2046-345F-46A5-8BB7-D34A5BCE2225",
      "token" : "0x6000fae",
      "native_offset" : "0x0",
      "filename" : "Microsoft.Build.dll",
      "sizeofimage" : "0x1e6000",
      "timestamp" : "0x9b5cfbd5",
      "il_offset" : "0x001bb"
   }
,
  {
      "is_managed" : "true",
      "guid" : "FA2CC250-9168-4923-A39F-08BC86FA1884",
      "token" : "0x00000",
      "native_offset" : "0x0",
      "filename" : "mscorlib.dll",
      "sizeofimage" : "0x472000",
      "timestamp" : "0xbe600fd0",
      "il_offset" : "0x0002a"
   }

  ],
  "unmanaged_frames" : [
 {
    "is_managed" : "false",
    "native_address" : "0x10008a784",
    "native_offset" : "0x00036",
    "native_module" : "mono",
    "unmanaged_name" : "mono_summarize_unmanaged_stack"
  }
,
 {
    "is_managed" : "false",
    "native_address" : "0x1001e6e37",
    "native_offset" : "0x00047",
    "native_module" : "mono",
    "unmanaged_name" : "mono_threads_summarize_native_self"
  }
,
 {
    "is_managed" : "false",
    "native_address" : "0x1001e6f89",
    "native_offset" : "0x00259",
    "native_module" : "mono",
    "unmanaged_name" : "mono_threads_summarize_execute_internal"
  }
,
 {
    "is_managed" : "false",
    "native_address" : "0x1001e6ef8",
    "native_offset" : "0x00077",
    "native_module" : "mono",
    "unmanaged_name" : "mono_threads_summarize_execute"
  }
,
 {
    "is_managed" : "false",
    "native_address" : "0x1000e583b",
    "native_offset" : "0x00070",
    "native_module" : "mono",
    "unmanaged_name" : "sigterm_signal_handler"
  }
,
 {
    "is_managed" : "false",
    "native_address" : "0x7ff8190b0e2d",
    "native_offset" : "0x00000"
  }
,
 {
    "is_managed" : "false",
    "native_address" : "0x1099ab468",
    "native_offset" : "0x00000"
  }
,
 {
    "is_managed" : "false",
    "native_address" : "0x100275803",
    "native_offset" : "0x0006d",
    "native_module" : "mono",
    "unmanaged_name" : "mono_os_cond_timedwait"
  }
,
 {
    "is_managed" : "false",
    "native_address" : "0x1001f25a3",
    "native_offset" : "0x00131",
    "native_module" : "mono",
    "unmanaged_name" : "mono_w32handle_timedwait_signal"
  }
,
 {
    "is_managed" : "false",
    "native_address" : "0x1001f1d31",
    "native_offset" : "0x005ab",
    "native_module" : "mono",
    "unmanaged_name" : "mono_w32handle_wait_multiple"
  }
,
 {
    "is_managed" : "false",
    "native_address" : "0x1001e2491",
    "native_offset" : "0x0009f",
    "native_module" : "mono",
    "unmanaged_name" : "ves_icall_System_Threading_WaitHandle_Wait_internal"
  }
,
 {
    "is_managed" : "false",
    "native_address" : "0x10018d11a",
    "native_offset" : "0x00066",
    "native_module" : "mono",
    "unmanaged_name" : "ves_icall_System_Threading_WaitHandle_Wait_internal_raw"
  }
,
 {
    "is_managed" : "true",
    "guid" : "FA2CC250-9168-4923-A39F-08BC86FA1884",
    "token" : "0x00000",
    "native_offset" : "0x0",
    "filename" : "mscorlib.dll",
    "sizeofimage" : "0x472000",
    "timestamp" : "0xbe600fd0",
    "il_offset" : "0x00000"
  }
,
 {
    "is_managed" : "true",
    "guid" : "(null)",
    "token" : "0x00000",
    "native_offset" : "0x0",
    "filename" : "(null)",
    "sizeofimage" : "0x0",
    "timestamp" : "0x0",
    "il_offset" : "0x00000"
  }

 ]
},
{
  "is_managed" : true,
  "offset_free_hash" : "0x66426ef7e",
  "offset_rich_hash" : "0x1565b0b515",
  "crashed" : false,
  "native_thread_id" : "0x700003916000",
  "thread_info_addr" : "0x7fef98115000",
  "thread_name" : "RequestBuilder thread",
  "ctx" : {
    "IP" : "0x7ff819061506",
    "SP" : "0x7000039153d8",
    "BP" : "0x700003915480"
 },
  "managed_frames" : [
 {
    "is_managed" : "false",
    "native_address" : "unregistered"
  }
,
 {
    "is_managed" : "true",
    "guid" : "FA2CC250-9168-4923-A39F-08BC86FA1884",
    "token" : "0x00000",
    "native_offset" : "0x0",
    "filename" : "mscorlib.dll",
    "sizeofimage" : "0x472000",
    "timestamp" : "0xbe600fd0",
    "il_offset" : "0x00000"
  }
,
 {
    "is_managed" : "true",
    "guid" : "FA2CC250-9168-4923-A39F-08BC86FA1884",
    "token" : "0x6001e50",
    "native_offset" : "0x0",
    "filename" : "mscorlib.dll",
    "sizeofimage" : "0x472000",
    "timestamp" : "0xbe600fd0",
    "il_offset" : "0x000d9"
  }
,
 {
    "is_managed" : "true",
    "guid" : "832126C1-E4B5-4A95-AE8A-221A8EFC5BDD",
    "token" : "0x6003c50",
    "native_offset" : "0x0",
    "filename" : "System.dll",
    "sizeofimage" : "0x292000",
    "timestamp" : "0x981328e1",
    "il_offset" : "0x00067"
  }
,
 {
    "is_managed" : "true",
    "guid" : "832126C1-E4B5-4A95-AE8A-221A8EFC5BDD",
    "token" : "0x600434a",
    "native_offset" : "0x0",
    "filename" : "System.dll",
    "sizeofimage" : "0x292000",
    "timestamp" : "0x981328e1",
    "il_offset" : "0x0004d"
  }
,
 {
    "is_managed" : "true",
    "guid" : "791A2046-345F-46A5-8BB7-D34A5BCE2225",
    "token" : "0x6002267",
    "native_offset" : "0x0",
    "filename" : "Microsoft.Build.dll",
    "sizeofimage" : "0x1e6000",
    "timestamp" : "0x9b5cfbd5",
    "il_offset" : "0x0002e"
  }
,
 {
    "is_managed" : "true",
    "guid" : "FA2CC250-9168-4923-A39F-08BC86FA1884",
    "token" : "0x00000",
    "native_offset" : "0x0",
    "filename" : "mscorlib.dll",
    "sizeofimage" : "0x472000",
    "timestamp" : "0xbe600fd0",
    "il_offset" : "0x0002a"
  }

 ],
"unmanaged_frames" : [
{
  "is_managed" : "false",
  "native_address" : "0x10008a784",
  "native_offset" : "0x00036",
  "native_module" : "mono",
  "unmanaged_name" : "mono_summarize_unmanaged_stack"
 }
,
{
  "is_managed" : "false",
  "native_address" : "0x1001e6e37",
  "native_offset" : "0x00047",
  "native_module" : "mono",
  "unmanaged_name" : "mono_threads_summarize_native_self"
 }
,
{
  "is_managed" : "false",
  "native_address" : "0x1001e6f89",
  "native_offset" : "0x00259",
  "native_module" : "mono",
  "unmanaged_name" : "mono_threads_summarize_execute_internal"
 }
,
{
  "is_managed" : "false",
  "native_address" : "0x1001e6ef8",
  "native_offset" : "0x00077",
  "native_module" : "mono",
  "unmanaged_name" : "mono_threads_summarize_execute"
 }
,
{
  "is_managed" : "false",
  "native_address" : "0x1000e583b",
  "native_offset" : "0x00070",
  "native_module" : "mono",
  "unmanaged_name" : "sigterm_signal_handler"
 }
,
{
  "is_managed" : "false",
  "native_address" : "0x7ff8190b0e2d",
  "native_offset" : "0x00000"
 }
,
{
  "is_managed" : "false",
  "native_address" : "0x700003914f18",
  "native_offset" : "0x00000"
 }
,
{
  "is_managed" : "false",
  "native_address" : "0x100275803",
  "native_offset" : "0x0006d",
  "native_module" : "mono",
  "unmanaged_name" : "mono_os_cond_timedwait"
 }
,
{
  "is_managed" : "false",
  "native_address" : "0x1001f1c43",
  "native_offset" : "0x000b4",
  "native_module" : "mono",
  "unmanaged_name" : "mono_w32handle_timedwait_signal_handle"
 }
,
{
  "is_managed" : "false",
  "native_address" : "0x1001f1916",
  "native_offset" : "0x00241",
  "native_module" : "mono",
  "unmanaged_name" : "mono_w32handle_wait_one"
 }
,
{
  "is_managed" : "false",
  "native_address" : "0x100222342",
  "native_offset" : "0x0012f",
  "native_module" : "mono",
  "unmanaged_name" : "ves_icall_System_Threading_Monitor_Monitor_wait"
 }
,
{
  "is_managed" : "false",
  "native_address" : "0x10018b81a",
  "native_offset" : "0x00057",
  "native_module" : "mono",
  "unmanaged_name" : "ves_icall_System_Threading_Monitor_Monitor_wait_raw"
 }
,
{
  "is_managed" : "true",
  "guid" : "FA2CC250-9168-4923-A39F-08BC86FA1884",
  "token" : "0x00000",
  "native_offset" : "0x0",
  "filename" : "mscorlib.dll",
  "sizeofimage" : "0x472000",
  "timestamp" : "0xbe600fd0",
  "il_offset" : "0x00000"
 }
,
{
  "is_managed" : "true",
  "guid" : "(null)",
  "token" : "0x00000",
  "native_offset" : "0x0",
  "filename" : "(null)",
  "sizeofimage" : "0x0",
  "timestamp" : "0x0",
  "il_offset" : "0x00000"
 }
,
{
  "is_managed" : "true",
  "guid" : "832126C1-E4B5-4A95-AE8A-221A8EFC5BDD",
  "token" : "0x6003c50",
  "native_offset" : "0x0",
  "filename" : "System.dll",
  "sizeofimage" : "0x292000",
  "timestamp" : "0x981328e1",
  "il_offset" : "0x00000"
 }
,
{
  "is_managed" : "true",
  "guid" : "832126C1-E4B5-4A95-AE8A-221A8EFC5BDD",
  "token" : "0x600434a",
  "native_offset" : "0x0",
  "filename" : "System.dll",
  "sizeofimage" : "0x292000",
  "timestamp" : "0x981328e1",
  "il_offset" : "0x00000"
 }
,
{
  "is_managed" : "true",
  "guid" : "791A2046-345F-46A5-8BB7-D34A5BCE2225",
  "token" : "0x6002267",
  "native_offset" : "0x0",
  "filename" : "Microsoft.Build.dll",
  "sizeofimage" : "0x1e6000",
  "timestamp" : "0x9b5cfbd5",
  "il_offset" : "0x00000"
 }
,
{
  "is_managed" : "true",
  "guid" : "(null)",
  "token" : "0x00000",
  "native_offset" : "0x0",
  "filename" : "(null)",
  "sizeofimage" : "0x0",
  "timestamp" : "0x0",
  "il_offset" : "0x00000"
 }
,
{
  "is_managed" : "true",
  "guid" : "(null)",
  "token" : "0x00000",
  "native_offset" : "0x0",
  "filename" : "(null)",
  "sizeofimage" : "0x0",
  "timestamp" : "0x0",
  "il_offset" : "0x00000"
 }
,
{
  "is_managed" : "false",
  "native_address" : "0x100011bda",
  "native_offset" : "0x00627",
  "native_module" : "mono",
  "unmanaged_name" : "mono_jit_runtime_invoke"
 }
,
{
  "is_managed" : "false",
  "native_address" : "0x1001c71d0",
  "native_offset" : "0x00053",
  "native_module" : "mono",
  "unmanaged_name" : "do_runtime_invoke"
 }
,
{
  "is_managed" : "false",
  "native_address" : "0x1001c8c3f",
  "native_offset" : "0x00077",
  "native_module" : "mono",
  "unmanaged_name" : "mono_runtime_delegate_try_invoke"
 }
,
{
  "is_managed" : "false",
  "native_address" : "0x1001e7a78",
  "native_offset" : "0x00217",
  "native_module" : "mono",
  "unmanaged_name" : "start_wrapper_internal"
 }
,
{
  "is_managed" : "false",
  "native_address" : "0x1001e7a22",
  "native_offset" : "0x00026",
  "native_module" : "mono",
  "unmanaged_name" : "start_wrapper"
 }
,
{
  "is_managed" : "false",
  "native_address" : "0x7ff81909b4f4",
  "native_offset" : "0x00000"
 }
,
{
  "is_managed" : "false",
  "native_address" : "0x7ff81909700f",
  "native_offset" : "0x00000"
 }

]
},
{
"is_managed" : false,
"offset_free_hash" : "0x0",
"offset_rich_hash" : "0x700af4111",
"crashed" : false,
"native_thread_id" : "0x700004b31000",
"thread_info_addr" : "0x7fef9b808e00",
"thread_name" : "Thread Pool Worker",
"ctx" : {
  "IP" : "0x7ff81905eb0e",
  "SP" : "0x700004b30e78",
  "BP" : "0x700004b30ee0"
},
"unmanaged_frames" : [
{
  "is_managed" : "false",
  "native_address" : "0x10008a784",
  "native_offset" : "0x00036",
  "native_module" : "mono",
  "unmanaged_name" : "mono_summarize_unmanaged_stack"
 }
,
{
  "is_managed" : "false",
  "native_address" : "0x1001e6e37",
  "native_offset" : "0x00047",
  "native_module" : "mono",
  "unmanaged_name" : "mono_threads_summarize_native_self"
 }
,
{
  "is_managed" : "false",
  "native_address" : "0x1001e6f89",
  "native_offset" : "0x00259",
  "native_module" : "mono",
  "unmanaged_name" : "mono_threads_summarize_execute_internal"
 }
,
{
  "is_managed" : "false",
  "native_address" : "0x1001e6ef8",
  "native_offset" : "0x00077",
  "native_module" : "mono",
  "unmanaged_name" : "mono_threads_summarize_execute"
 }
,
{
  "is_managed" : "false",
  "native_address" : "0x1000e583b",
  "native_offset" : "0x00070",
  "native_module" : "mono",
  "unmanaged_name" : "sigterm_signal_handler"
 }
,
{
  "is_managed" : "false",
  "native_address" : "0x7ff8190b0e2d",
  "native_offset" : "0x00000"
 }
,
{
  "is_managed" : "false",
  "native_address" : "0x700004b309c8",
  "native_offset" : "0x00000"
 }
,
{
  "is_managed" : "false",
  "native_address" : "0x1001e7a78",
  "native_offset" : "0x00143",
  "native_module" : "mono",
  "unmanaged_name" : "start_wrapper_internal"
 }
,
{
  "is_managed" : "false",
  "native_address" : "0x1001e7a22",
  "native_offset" : "0x00026",
  "native_module" : "mono",
  "unmanaged_name" : "start_wrapper"
 }
,
{
  "is_managed" : "false",
  "native_address" : "0x7ff81909b4f4",
  "native_offset" : "0x00000"
 }
,
{
  "is_managed" : "false",
  "native_address" : "0x7ff81909700f",
  "native_offset" : "0x00000"
 }

]
},
{
"is_managed" : true,
"offset_free_hash" : "0x63486b645",
"offset_rich_hash" : "0x1636262d79",
"crashed" : false,
"native_thread_id" : "0x700003713000",
"thread_info_addr" : "0x7fef9a10c800",
"thread_name" : "Thread Pool Worker",
"ctx" : {
  "IP" : "0x7ff819061506",
  "SP" : "0x7000037121d8",
  "BP" : "0x700003712280"
},
"managed_frames" : [
{
  "is_managed" : "false",
  "native_address" : "unregistered"
 }
,
{
  "is_managed" : "true",
  "guid" : "FA2CC250-9168-4923-A39F-08BC86FA1884",
  "token" : "0x00000",
  "native_offset" : "0x0",
  "filename" : "mscorlib.dll",
  "sizeofimage" : "0x472000",
  "timestamp" : "0xbe600fd0",
  "il_offset" : "0x00000"
 }
,
{
  "is_managed" : "true",
  "guid" : "FA2CC250-9168-4923-A39F-08BC86FA1884",
  "token" : "0x60045ef",
  "native_offset" : "0x0",
  "filename" : "mscorlib.dll",
  "sizeofimage" : "0x472000",
  "timestamp" : "0xbe600fd0",
  "il_offset" : "0x00008"
 }
,
{
  "is_managed" : "true",
  "guid" : "FA2CC250-9168-4923-A39F-08BC86FA1884",
  "token" : "0x60045ee",
  "native_offset" : "0x0",
  "filename" : "mscorlib.dll",
  "sizeofimage" : "0x472000",
  "timestamp" : "0xbe600fd0",
  "il_offset" : "0x00008"
 }
,
{
  "is_managed" : "true",
  "guid" : "FA2CC250-9168-4923-A39F-08BC86FA1884",
  "token" : "0x60045f9",
  "native_offset" : "0x0",
  "filename" : "mscorlib.dll",
  "sizeofimage" : "0x472000",
  "timestamp" : "0xbe600fd0",
  "il_offset" : "0x00000"
 }
,
{
  "is_managed" : "true",
  "guid" : "346E25AD-9866-49BF-9368-CB7769EC68A5",
  "token" : "0x600135c",
  "native_offset" : "0x0",
  "filename" : "System.Core.dll",
  "sizeofimage" : "0x110000",
  "timestamp" : "0x9049e5ba",
  "il_offset" : "0x0001c"
 }
,
{
  "is_managed" : "true",
  "guid" : "791A2046-345F-46A5-8BB7-D34A5BCE2225",
  "token" : "0x6000f69",
  "native_offset" : "0x0",
  "filename" : "Microsoft.Build.dll",
  "sizeofimage" : "0x1e6000",
  "timestamp" : "0x9b5cfbd5",
  "il_offset" : "0x000cc"
 }
,
{
  "is_managed" : "true",
  "guid" : "FA2CC250-9168-4923-A39F-08BC86FA1884",
  "token" : "0x60022ab",
  "native_offset" : "0x0",
  "filename" : "mscorlib.dll",
  "sizeofimage" : "0x472000",
  "timestamp" : "0xbe600fd0",
  "il_offset" : "0x0002b"
 }
,
{
  "is_managed" : "true",
  "guid" : "FA2CC250-9168-4923-A39F-08BC86FA1884",
  "token" : "0x00000",
  "native_offset" : "0x0",
  "filename" : "mscorlib.dll",
  "sizeofimage" : "0x472000",
  "timestamp" : "0xbe600fd0",
  "il_offset" : "0x0002a"
 }

],
"unmanaged_frames" : [
{
"is_managed" : "false",
"native_address" : "0x10008a784",
"native_offset" : "0x00036",
"native_module" : "mono",
"unmanaged_name" : "mono_summarize_unmanaged_stack"
}
,
{
"is_managed" : "false",
"native_address" : "0x1001e6e37",
"native_offset" : "0x00047",
"native_module" : "mono",
"unmanaged_name" : "mono_threads_summarize_native_self"
}
,
{
"is_managed" : "false",
"native_address" : "0x1001e6f89",
"native_offset" : "0x00259",
"native_module" : "mono",
"unmanaged_name" : "mono_threads_summarize_execute_internal"
}
,
{
"is_managed" : "false",
"native_address" : "0x1001e6ef8",
"native_offset" : "0x00077",
"native_module" : "mono",
"unmanaged_name" : "mono_threads_summarize_execute"
}
,
{
"is_managed" : "false",
"native_address" : "0x1000e583b",
"native_offset" : "0x00070",
"native_module" : "mono",
"unmanaged_name" : "sigterm_signal_handler"
}
,
{
"is_managed" : "false",
"native_address" : "0x7ff8190b0e2d",
"native_offset" : "0x00000"
}
,
{
"is_managed" : "false",
"native_address" : "0x7fef00000000",
"native_offset" : "0x00000"
}
,
{
"is_managed" : "false",
"native_address" : "0x100275803",
"native_offset" : "0x0006d",
"native_module" : "mono",
"unmanaged_name" : "mono_os_cond_timedwait"
}
,
{
"is_managed" : "false",
"native_address" : "0x1001f1c43",
"native_offset" : "0x000b4",
"native_module" : "mono",
"unmanaged_name" : "mono_w32handle_timedwait_signal_handle"
}
,
{
"is_managed" : "false",
"native_address" : "0x1001f1916",
"native_offset" : "0x00241",
"native_module" : "mono",
"unmanaged_name" : "mono_w32handle_wait_one"
}
,
{
"is_managed" : "false",
"native_address" : "0x100222342",
"native_offset" : "0x0012f",
"native_module" : "mono",
"unmanaged_name" : "ves_icall_System_Threading_Monitor_Monitor_wait"
}
,
{
"is_managed" : "false",
"native_address" : "0x10018b81a",
"native_offset" : "0x00057",
"native_module" : "mono",
"unmanaged_name" : "ves_icall_System_Threading_Monitor_Monitor_wait_raw"
}
,
{
"is_managed" : "true",
"guid" : "FA2CC250-9168-4923-A39F-08BC86FA1884",
"token" : "0x00000",
"native_offset" : "0x0",
"filename" : "mscorlib.dll",
"sizeofimage" : "0x472000",
"timestamp" : "0xbe600fd0",
"il_offset" : "0x00000"
}
,
{
"is_managed" : "true",
"guid" : "(null)",
"token" : "0x00000",
"native_offset" : "0x0",
"filename" : "(null)",
"sizeofimage" : "0x0",
"timestamp" : "0x0",
"il_offset" : "0x00000"
}
,
{
"is_managed" : "true",
"guid" : "(null)",
"token" : "0x00000",
"native_offset" : "0x0",
"filename" : "(null)",
"sizeofimage" : "0x0",
"timestamp" : "0x0",
"il_offset" : "0x00000"
}
,
{
"is_managed" : "true",
"guid" : "(null)",
"token" : "0x00000",
"native_offset" : "0x0",
"filename" : "(null)",
"sizeofimage" : "0x0",
"timestamp" : "0x0",
"il_offset" : "0x00000"
}
,
{
"is_managed" : "true",
"guid" : "FA2CC250-9168-4923-A39F-08BC86FA1884",
"token" : "0x60022ab",
"native_offset" : "0x0",
"filename" : "mscorlib.dll",
"sizeofimage" : "0x472000",
"timestamp" : "0xbe600fd0",
"il_offset" : "0x00000"
}
,
{
"is_managed" : "true",
"guid" : "(null)",
"token" : "0x00000",
"native_offset" : "0x0",
"filename" : "(null)",
"sizeofimage" : "0x0",
"timestamp" : "0x0",
"il_offset" : "0x00000"
}
,
{
"is_managed" : "true",
"guid" : "(null)",
"token" : "0x00000",
"native_offset" : "0x0",
"filename" : "(null)",
"sizeofimage" : "0x0",
"timestamp" : "0x0",
"il_offset" : "0x00000"
}
,
{
"is_managed" : "true",
"guid" : "(null)",
"token" : "0x00000",
"native_offset" : "0x0",
"filename" : "(null)",
"sizeofimage" : "0x0",
"timestamp" : "0x0",
"il_offset" : "0x00000"
}
,
{
"is_managed" : "true",
"guid" : "(null)",
"token" : "0x00000",
"native_offset" : "0x0",
"filename" : "(null)",
"sizeofimage" : "0x0",
"timestamp" : "0x0",
"il_offset" : "0x00000"
}
,
{
"is_managed" : "false",
"native_address" : "0x100011bda",
"native_offset" : "0x00627",
"native_module" : "mono",
"unmanaged_name" : "mono_jit_runtime_invoke"
}
,
{
"is_managed" : "false",
"native_address" : "0x1001c71d0",
"native_offset" : "0x00053",
"native_module" : "mono",
"unmanaged_name" : "do_runtime_invoke"
}
,
{
"is_managed" : "false",
"native_address" : "0x1001e9e61",
"native_offset" : "0x00312",
"native_module" : "mono",
"unmanaged_name" : "worker_callback"
}
,
{
"is_managed" : "false",
"native_address" : "0x10013a013",
"native_offset" : "0x0017a",
"native_module" : "mono",
"unmanaged_name" : "worker_thread"
}
,
{
"is_managed" : "false",
"native_address" : "0x1001e7a78",
"native_offset" : "0x00143",
"native_module" : "mono",
"unmanaged_name" : "start_wrapper_internal"
}
,
{
"is_managed" : "false",
"native_address" : "0x1001e7a22",
"native_offset" : "0x00026",
"native_module" : "mono",
"unmanaged_name" : "start_wrapper"
}
,
{
"is_managed" : "false",
"native_address" : "0x7ff81909b4f4",
"native_offset" : "0x00000"
}
,
{
"is_managed" : "false",
"native_address" : "0x7ff81909700f",
"native_offset" : "0x00000"
}

]
},
{
"is_managed" : true,
"offset_free_hash" : "0x208aa6d2f",
"offset_rich_hash" : "0x120a4f688b",
"crashed" : false,
"native_thread_id" : "0x70000492e000",
"thread_info_addr" : "0x7fef9736b800",
"thread_name" : "Timer-Scheduler",
"ctx" : {
"IP" : "0x7ff819061506",
"SP" : "0x70000492d0e8",
"BP" : "0x70000492d190"
},
"managed_frames" : [
{
"is_managed" : "false",
"native_address" : "unregistered"
}
,
{
"is_managed" : "true",
"guid" : "FA2CC250-9168-4923-A39F-08BC86FA1884",
"token" : "0x00000",
"native_offset" : "0x0",
"filename" : "mscorlib.dll",
"sizeofimage" : "0x472000",
"timestamp" : "0xbe600fd0",
"il_offset" : "0x00000"
}
,
{
"is_managed" : "true",
"guid" : "FA2CC250-9168-4923-A39F-08BC86FA1884",
"token" : "0x00000",
"native_offset" : "0x0",
"filename" : "mscorlib.dll",
"sizeofimage" : "0x472000",
"timestamp" : "0xbe600fd0",
"il_offset" : "0x0002a"
}

],
"unmanaged_frames" : [
{
"is_managed" : "false",
"native_address" : "0x10008a784",
"native_offset" : "0x00036",
"native_module" : "mono",
"unmanaged_name" : "mono_summarize_unmanaged_stack"
}
,
{
"is_managed" : "false",
"native_address" : "0x1001e6e37",
"native_offset" : "0x00047",
"native_module" : "mono",
"unmanaged_name" : "mono_threads_summarize_native_self"
}
,
{
"is_managed" : "false",
"native_address" : "0x1001e6f89",
"native_offset" : "0x00259",
"native_module" : "mono",
"unmanaged_name" : "mono_threads_summarize_execute_internal"
}
,
{
"is_managed" : "false",
"native_address" : "0x1001e6ef8",
"native_offset" : "0x00077",
"native_module" : "mono",
"unmanaged_name" : "mono_threads_summarize_execute"
}
,
{
"is_managed" : "false",
"native_address" : "0x1000e583b",
"native_offset" : "0x00070",
"native_module" : "mono",
"unmanaged_name" : "sigterm_signal_handler"
}
,
{
"is_managed" : "false",
"native_address" : "0x7ff8190b0e2d",
"native_offset" : "0x00000"
}
,
{
"is_managed" : "false",
"native_address" : "unregistered"
}
,
{
"is_managed" : "false",
"native_address" : "0x100275803",
"native_offset" : "0x0006d",
"native_module" : "mono",
"unmanaged_name" : "mono_os_cond_timedwait"
}
,
{
"is_managed" : "false",
"native_address" : "0x1001f1c43",
"native_offset" : "0x000b4",
"native_module" : "mono",
"unmanaged_name" : "mono_w32handle_timedwait_signal_handle"
}
,
{
"is_managed" : "false",
"native_address" : "0x1001f1916",
"native_offset" : "0x00241",
"native_module" : "mono",
"unmanaged_name" : "mono_w32handle_wait_one"
}
,
{
"is_managed" : "false",
"native_address" : "0x1001f1d31",
"native_offset" : "0x000bd",
"native_module" : "mono",
"unmanaged_name" : "mono_w32handle_wait_multiple"
}
,
{
"is_managed" : "false",
"native_address" : "0x1001e2491",
"native_offset" : "0x0009f",
"native_module" : "mono",
"unmanaged_name" : "ves_icall_System_Threading_WaitHandle_Wait_internal"
}
,
{
"is_managed" : "false",
"native_address" : "0x10018d11a",
"native_offset" : "0x00066",
"native_module" : "mono",
"unmanaged_name" : "ves_icall_System_Threading_WaitHandle_Wait_internal_raw"
}
,
{
"is_managed" : "true",
"guid" : "FA2CC250-9168-4923-A39F-08BC86FA1884",
"token" : "0x00000",
"native_offset" : "0x0",
"filename" : "mscorlib.dll",
"sizeofimage" : "0x472000",
"timestamp" : "0xbe600fd0",
"il_offset" : "0x00000"
}
,
{
"is_managed" : "true",
"guid" : "(null)",
"token" : "0x00000",
"native_offset" : "0x0",
"filename" : "(null)",
"sizeofimage" : "0x0",
"timestamp" : "0x0",
"il_offset" : "0x00000"
}
,
{
"is_managed" : "true",
"guid" : "(null)",
"token" : "0x00000",
"native_offset" : "0x0",
"filename" : "(null)",
"sizeofimage" : "0x0",
"timestamp" : "0x0",
"il_offset" : "0x00000"
}
,
{
"is_managed" : "true",
"guid" : "(null)",
"token" : "0x00000",
"native_offset" : "0x0",
"filename" : "(null)",
"sizeofimage" : "0x0",
"timestamp" : "0x0",
"il_offset" : "0x00000"
}
,
{
"is_managed" : "false",
"native_address" : "0x100011bda",
"native_offset" : "0x00627",
"native_module" : "mono",
"unmanaged_name" : "mono_jit_runtime_invoke"
}
,
{
"is_managed" : "false",
"native_address" : "0x1001c71d0",
"native_offset" : "0x00053",
"native_module" : "mono",
"unmanaged_name" : "do_runtime_invoke"
}
,
{
"is_managed" : "false",
"native_address" : "0x1001c8c3f",
"native_offset" : "0x00077",
"native_module" : "mono",
"unmanaged_name" : "mono_runtime_delegate_try_invoke"
}
,
{
"is_managed" : "false",
"native_address" : "0x1001e7a78",
"native_offset" : "0x00217",
"native_module" : "mono",
"unmanaged_name" : "start_wrapper_internal"
}
,
{
"is_managed" : "false",
"native_address" : "0x1001e7a22",
"native_offset" : "0x00026",
"native_module" : "mono",
"unmanaged_name" : "start_wrapper"
}
,
{
"is_managed" : "false",
"native_address" : "0x7ff81909b4f4",
"native_offset" : "0x00000"
}
,
{
"is_managed" : "false",
"native_address" : "0x7ff81909700f",
"native_offset" : "0x00000"
}

]
},
{
"is_managed" : false,
"offset_free_hash" : "0x0",
"offset_rich_hash" : "0x700af4111",
"crashed" : false,
"native_thread_id" : "0x700003510000",
"thread_info_addr" : "0x7fef9a860c00",
"thread_name" : "Thread Pool Worker",
"ctx" : {
"IP" : "0x7ff81905eb0e",
"SP" : "0x70000350fe78",
"BP" : "0x70000350fee0"
},
"unmanaged_frames" : [
{
"is_managed" : "false",
"native_address" : "0x10008a784",
"native_offset" : "0x00036",
"native_module" : "mono",
"unmanaged_name" : "mono_summarize_unmanaged_stack"
}
,
{
"is_managed" : "false",
"native_address" : "0x1001e6e37",
"native_offset" : "0x00047",
"native_module" : "mono",
"unmanaged_name" : "mono_threads_summarize_native_self"
}
,
{
"is_managed" : "false",
"native_address" : "0x1001e6f89",
"native_offset" : "0x00259",
"native_module" : "mono",
"unmanaged_name" : "mono_threads_summarize_execute_internal"
}
,
{
"is_managed" : "false",
"native_address" : "0x1001e6ef8",
"native_offset" : "0x00077",
"native_module" : "mono",
"unmanaged_name" : "mono_threads_summarize_execute"
}
,
{
"is_managed" : "false",
"native_address" : "0x1000e583b",
"native_offset" : "0x00070",
"native_module" : "mono",
"unmanaged_name" : "sigterm_signal_handler"
}
,
{
"is_managed" : "false",
"native_address" : "0x7ff8190b0e2d",
"native_offset" : "0x00000"
}
,
{
"is_managed" : "false",
"native_address" : "unregistered"
}
,
{
"is_managed" : "false",
"native_address" : "0x1001e7a78",
"native_offset" : "0x00143",
"native_module" : "mono",
"unmanaged_name" : "start_wrapper_internal"
}
,
{
"is_managed" : "false",
"native_address" : "0x1001e7a22",
"native_offset" : "0x00026",
"native_module" : "mono",
"unmanaged_name" : "start_wrapper"
}
,
{
"is_managed" : "false",
"native_address" : "0x7ff81909b4f4",
"native_offset" : "0x00000"
}
,
{
"is_managed" : "false",
"native_address" : "0x7ff81909700f",
"native_offset" : "0x00000"
}

]
},
{
"is_managed" : false,
"offset_free_hash" : "0xb38e474a",
"offset_rich_hash" : "0x7b43d885b",
"crashed" : false,
"native_thread_id" : "0x70000472b000",
"thread_info_addr" : "0x7fef980d7200",
"thread_name" : "Thread Pool Worker",
"ctx" : {
"IP" : "0x7ff81905eb0e",
"SP" : "0x70000472ae78",
"BP" : "0x70000472aee0"
},
"unmanaged_frames" : [
{
"is_managed" : "false",
"native_address" : "0x10008a784",
"native_offset" : "0x00036",
"native_module" : "mono",
"unmanaged_name" : "mono_summarize_unmanaged_stack"
}
,
{
"is_managed" : "false",
"native_address" : "0x1001e6e37",
"native_offset" : "0x00047",
"native_module" : "mono",
"unmanaged_name" : "mono_threads_summarize_native_self"
}
,
{
"is_managed" : "false",
"native_address" : "0x1001e6f89",
"native_offset" : "0x00259",
"native_module" : "mono",
"unmanaged_name" : "mono_threads_summarize_execute_internal"
}
,
{
"is_managed" : "false",
"native_address" : "0x1001e6ef8",
"native_offset" : "0x00077",
"native_module" : "mono",
"unmanaged_name" : "mono_threads_summarize_execute"
}
,
{
"is_managed" : "false",
"native_address" : "0x1000e583b",
"native_offset" : "0x00070",
"native_module" : "mono",
"unmanaged_name" : "sigterm_signal_handler"
}
,
{
"is_managed" : "false",
"native_address" : "0x7ff8190b0e2d",
"native_offset" : "0x00000"
}
,
{
"is_managed" : "true",
"guid" : "FA2CC250-9168-4923-A39F-08BC86FA1884",
"token" : "0x60022e5",
"native_offset" : "0x0",
"filename" : "mscorlib.dll",
"sizeofimage" : "0x472000",
"timestamp" : "0xbe600fd0",
"il_offset" : "0x00000"
}
,
{
"is_managed" : "false",
"native_address" : "0x1001e7a78",
"native_offset" : "0x00143",
"native_module" : "mono",
"unmanaged_name" : "start_wrapper_internal"
}
,
{
"is_managed" : "false",
"native_address" : "0x1001e7a22",
"native_offset" : "0x00026",
"native_module" : "mono",
"unmanaged_name" : "start_wrapper"
}
,
{
"is_managed" : "false",
"native_address" : "0x7ff81909b4f4",
"native_offset" : "0x00000"
}
,
{
"is_managed" : "false",
"native_address" : "0x7ff81909700f",
"native_offset" : "0x00000"
}

]
},
{
"is_managed" : true,
"offset_free_hash" : "0x52b44d3f6",
"offset_rich_hash" : "0xf2c53b3a4",
"crashed" : false,
"native_thread_id" : "0x115b23600",
"thread_info_addr" : "0x7fef97014000",
"thread_name" : "tid_103",
"ctx" : {
"IP" : "0x7ff819061506",
"SP" : "0x7ff7b6ae7d78",
"BP" : "0x7ff7b6ae7e20"
},
"managed_frames" : [
{
"is_managed" : "false",
"native_address" : "unregistered"
}
,
{
"is_managed" : "true",
"guid" : "FA2CC250-9168-4923-A39F-08BC86FA1884",
"token" : "0x00000",
"native_offset" : "0x0",
"filename" : "mscorlib.dll",
"sizeofimage" : "0x472000",
"timestamp" : "0xbe600fd0",
"il_offset" : "0x00000"
}
,
{
"is_managed" : "true",
"guid" : "FA2CC250-9168-4923-A39F-08BC86FA1884",
"token" : "0x6002057",
"native_offset" : "0x0",
"filename" : "mscorlib.dll",
"sizeofimage" : "0x472000",
"timestamp" : "0xbe600fd0",
"il_offset" : "0x00000"
}
,
{
"is_managed" : "true",
"guid" : "791A2046-345F-46A5-8BB7-D34A5BCE2225",
"token" : "0x6000cfc",
"native_offset" : "0x0",
"filename" : "Microsoft.Build.dll",
"sizeofimage" : "0x1e6000",
"timestamp" : "0x9b5cfbd5",
"il_offset" : "0x0006d"
}
,
{
"is_managed" : "true",
"guid" : "F1DCD662-A6F1-4B98-89F1-A1B5B511BD3D",
"token" : "0x60000a2",
"native_offset" : "0x0",
"filename" : "MSBuild.dll",
"sizeofimage" : "0x5c000",
"timestamp" : "0xf567e773",
"il_offset" : "0x000ae"
}
,
{
"is_managed" : "true",
"guid" : "F1DCD662-A6F1-4B98-89F1-A1B5B511BD3D",
"token" : "0x6000098",
"native_offset" : "0x0",
"filename" : "MSBuild.dll",
"sizeofimage" : "0x5c000",
"timestamp" : "0xf567e773",
"il_offset" : "0x0004e"
}
,
{
"is_managed" : "true",
"guid" : "F1DCD662-A6F1-4B98-89F1-A1B5B511BD3D",
"token" : "0x6000085",
"native_offset" : "0x0",
"filename" : "MSBuild.dll",
"sizeofimage" : "0x5c000",
"timestamp" : "0xf567e773",
"il_offset" : "0x000fa"
}
,
{
"is_managed" : "true",
"guid" : "F1DCD662-A6F1-4B98-89F1-A1B5B511BD3D",
"token" : "0x600007f",
"native_offset" : "0x0",
"filename" : "MSBuild.dll",
"sizeofimage" : "0x5c000",
"timestamp" : "0xf567e773",
"il_offset" : "0x00028"
}
,
{
"is_managed" : "true",
"guid" : "F1DCD662-A6F1-4B98-89F1-A1B5B511BD3D",
"token" : "0x00000",
"native_offset" : "0x0",
"filename" : "MSBuild.dll",
"sizeofimage" : "0x5c000",
"timestamp" : "0xf567e773",
"il_offset" : "0x0002a"
}

],
"unmanaged_frames" : [
{
"is_managed" : "false",
"native_address" : "0x10008a784",
"native_offset" : "0x00036",
"native_module" : "mono",
"unmanaged_name" : "mono_summarize_unmanaged_stack"
}
,
{
"is_managed" : "false",
"native_address" : "0x1001e6e37",
"native_offset" : "0x00047",
"native_module" : "mono",
"unmanaged_name" : "mono_threads_summarize_native_self"
}
,
{
"is_managed" : "false",
"native_address" : "0x1001e6f89",
"native_offset" : "0x00259",
"native_module" : "mono",
"unmanaged_name" : "mono_threads_summarize_execute_internal"
}
,
{
"is_managed" : "false",
"native_address" : "0x1001e6ef8",
"native_offset" : "0x00077",
"native_module" : "mono",
"unmanaged_name" : "mono_threads_summarize_execute"
}
,
{
"is_managed" : "false",
"native_address" : "0x1000e583b",
"native_offset" : "0x00070",
"native_module" : "mono",
"unmanaged_name" : "sigterm_signal_handler"
}
,
{
"is_managed" : "false",
"native_address" : "0x7ff8190b0e2d",
"native_offset" : "0x00000"
}
,
{
"is_managed" : "false",
"native_address" : "0x1",
"native_offset" : "0x00000"
}
,
{
"is_managed" : "false",
"native_address" : "0x100275803",
"native_offset" : "0x0006d",
"native_module" : "mono",
"unmanaged_name" : "mono_os_cond_timedwait"
}
,
{
"is_managed" : "false",
"native_address" : "0x1001f25a3",
"native_offset" : "0x00131",
"native_module" : "mono",
"unmanaged_name" : "mono_w32handle_timedwait_signal"
}
,
{
"is_managed" : "false",
"native_address" : "0x1001f1d31",
"native_offset" : "0x005ab",
"native_module" : "mono",
"unmanaged_name" : "mono_w32handle_wait_multiple"
}
,
{
"is_managed" : "false",
"native_address" : "0x1001e2491",
"native_offset" : "0x0009f",
"native_module" : "mono",
"unmanaged_name" : "ves_icall_System_Threading_WaitHandle_Wait_internal"
}
,
{
"is_managed" : "false",
"native_address" : "0x10018d11a",
"native_offset" : "0x00066",
"native_module" : "mono",
"unmanaged_name" : "ves_icall_System_Threading_WaitHandle_Wait_internal_raw"
}
,
{
"is_managed" : "true",
"guid" : "FA2CC250-9168-4923-A39F-08BC86FA1884",
"token" : "0x00000",
"native_offset" : "0x0",
"filename" : "mscorlib.dll",
"sizeofimage" : "0x472000",
"timestamp" : "0xbe600fd0",
"il_offset" : "0x00000"
}
,
{
"is_managed" : "true",
"guid" : "(null)",
"token" : "0x00000",
"native_offset" : "0x0",
"filename" : "(null)",
"sizeofimage" : "0x0",
"timestamp" : "0x0",
"il_offset" : "0x00000"
}

]
},
{
"is_managed" : false,
"offset_free_hash" : "0x0",
"offset_rich_hash" : "0x700af4111",
"crashed" : false,
"native_thread_id" : "0x70000330d000",
"thread_info_addr" : "0x7fef9a013c00",
"thread_name" : "Thread Pool Worker",
"ctx" : {
"IP" : "0x7ff81905eb0e",
"SP" : "0x70000330ce78",
"BP" : "0x70000330cee0"
},
"unmanaged_frames" : [
{
"is_managed" : "false",
"native_address" : "0x10008a784",
"native_offset" : "0x00036",
"native_module" : "mono",
"unmanaged_name" : "mono_summarize_unmanaged_stack"
}
,
{
"is_managed" : "false",
"native_address" : "0x1001e6e37",
"native_offset" : "0x00047",
"native_module" : "mono",
"unmanaged_name" : "mono_threads_summarize_native_self"
}
,
{
"is_managed" : "false",
"native_address" : "0x1001e6f89",
"native_offset" : "0x00259",
"native_module" : "mono",
"unmanaged_name" : "mono_threads_summarize_execute_internal"
}
,
{
"is_managed" : "false",
"native_address" : "0x1001e6ef8",
"native_offset" : "0x00077",
"native_module" : "mono",
"unmanaged_name" : "mono_threads_summarize_execute"
}
,
{
"is_managed" : "false",
"native_address" : "0x1000e583b",
"native_offset" : "0x00070",
"native_module" : "mono",
"unmanaged_name" : "sigterm_signal_handler"
}
,
{
"is_managed" : "false",
"native_address" : "0x7ff8190b0e2d",
"native_offset" : "0x00000"
}
,
{
"is_managed" : "false",
"native_address" : "unregistered"
}
,
{
"is_managed" : "false",
"native_address" : "0x1001e7a78",
"native_offset" : "0x00143",
"native_module" : "mono",
"unmanaged_name" : "start_wrapper_internal"
}
,
{
"is_managed" : "false",
"native_address" : "0x1001e7a22",
"native_offset" : "0x00026",
"native_module" : "mono",
"unmanaged_name" : "start_wrapper"
}
,
{
"is_managed" : "false",
"native_address" : "0x7ff81909b4f4",
"native_offset" : "0x00000"
}
,
{
"is_managed" : "false",
"native_address" : "0x7ff81909700f",
"native_offset" : "0x00000"
}

]
},
{
"is_managed" : false,
"offset_free_hash" : "0xb38e474a",
"offset_rich_hash" : "0x7b43d885b",
"crashed" : false,
"native_thread_id" : "0x700004528000",
"thread_info_addr" : "0x7fef9b81c200",
"thread_name" : "Thread Pool Worker",
"ctx" : {
"IP" : "0x7ff81905eb0e",
"SP" : "0x700004527e78",
"BP" : "0x700004527ee0"
},
"unmanaged_frames" : [
{
"is_managed" : "false",
"native_address" : "0x10008a784",
"native_offset" : "0x00036",
"native_module" : "mono",
"unmanaged_name" : "mono_summarize_unmanaged_stack"
}
,
{
"is_managed" : "false",
"native_address" : "0x1001e6e37",
"native_offset" : "0x00047",
"native_module" : "mono",
"unmanaged_name" : "mono_threads_summarize_native_self"
}
,
{
"is_managed" : "false",
"native_address" : "0x1001e6f89",
"native_offset" : "0x00259",
"native_module" : "mono",
"unmanaged_name" : "mono_threads_summarize_execute_internal"
}
,
{
"is_managed" : "false",
"native_address" : "0x1001e6ef8",
"native_offset" : "0x00077",
"native_module" : "mono",
"unmanaged_name" : "mono_threads_summarize_execute"
}
,
{
"is_managed" : "false",
"native_address" : "0x1000e583b",
"native_offset" : "0x00070",
"native_module" : "mono",
"unmanaged_name" : "sigterm_signal_handler"
}
,
{
"is_managed" : "false",
"native_address" : "0x7ff8190b0e2d",
"native_offset" : "0x00000"
}
,
{
"is_managed" : "true",
"guid" : "FA2CC250-9168-4923-A39F-08BC86FA1884",
"token" : "0x60022e5",
"native_offset" : "0x0",
"filename" : "mscorlib.dll",
"sizeofimage" : "0x472000",
"timestamp" : "0xbe600fd0",
"il_offset" : "0x00000"
}
,
{
"is_managed" : "false",
"native_address" : "0x1001e7a78",
"native_offset" : "0x00143",
"native_module" : "mono",
"unmanaged_name" : "start_wrapper_internal"
}
,
{
"is_managed" : "false",
"native_address" : "0x1001e7a22",
"native_offset" : "0x00026",
"native_module" : "mono",
"unmanaged_name" : "start_wrapper"
}
,
{
"is_managed" : "false",
"native_address" : "0x7ff81909b4f4",
"native_offset" : "0x00000"
}
,
{
"is_managed" : "false",
"native_address" : "0x7ff81909700f",
"native_offset" : "0x00000"
}

]
},
{
"is_managed" : false,
"offset_free_hash" : "0xb38e474a",
"offset_rich_hash" : "0x7b43d885b",
"crashed" : false,
"native_thread_id" : "0x70000310a000",
"thread_info_addr" : "0x7fef980e4a00",
"thread_name" : "Thread Pool Worker",
"ctx" : {
"IP" : "0x7ff81905eb0e",
"SP" : "0x700003109e78",
"BP" : "0x700003109ee0"
},
"unmanaged_frames" : [
{
"is_managed" : "false",
"native_address" : "0x10008a784",
"native_offset" : "0x00036",
"native_module" : "mono",
"unmanaged_name" : "mono_summarize_unmanaged_stack"
}
,
{
"is_managed" : "false",
"native_address" : "0x1001e6e37",
"native_offset" : "0x00047",
"native_module" : "mono",
"unmanaged_name" : "mono_threads_summarize_native_self"
}
,
{
"is_managed" : "false",
"native_address" : "0x1001e6f89",
"native_offset" : "0x00259",
"native_module" : "mono",
"unmanaged_name" : "mono_threads_summarize_execute_internal"
}
,
{
"is_managed" : "false",
"native_address" : "0x1001e6ef8",
"native_offset" : "0x00077",
"native_module" : "mono",
"unmanaged_name" : "mono_threads_summarize_execute"
}
,
{
"is_managed" : "false",
"native_address" : "0x1000e583b",
"native_offset" : "0x00070",
"native_module" : "mono",
"unmanaged_name" : "sigterm_signal_handler"
}
,
{
"is_managed" : "false",
"native_address" : "0x7ff8190b0e2d",
"native_offset" : "0x00000"
}
,
{
"is_managed" : "true",
"guid" : "FA2CC250-9168-4923-A39F-08BC86FA1884",
"token" : "0x60022e5",
"native_offset" : "0x0",
"filename" : "mscorlib.dll",
"sizeofimage" : "0x472000",
"timestamp" : "0xbe600fd0",
"il_offset" : "0x00000"
}
,
{
"is_managed" : "false",
"native_address" : "0x1001e7a78",
"native_offset" : "0x00143",
"native_module" : "mono",
"unmanaged_name" : "start_wrapper_internal"
}
,
{
"is_managed" : "false",
"native_address" : "0x1001e7a22",
"native_offset" : "0x00026",
"native_module" : "mono",
"unmanaged_name" : "start_wrapper"
}
,
{
"is_managed" : "false",
"native_address" : "0x7ff81909b4f4",
"native_offset" : "0x00000"
}
,
{
"is_managed" : "false",
"native_address" : "0x7ff81909700f",
"native_offset" : "0x00000"
}

]
},
{
"is_managed" : false,
"offset_free_hash" : "0x0",
"offset_rich_hash" : "0x700af4111",
"crashed" : false,
"native_thread_id" : "0x700004325000",
"thread_info_addr" : "0x7fef9829b000",
"thread_name" : "Thread Pool Worker",
"ctx" : {
"IP" : "0x7ff81905eb0e",
"SP" : "0x700004324e78",
"BP" : "0x700004324ee0"
},
"unmanaged_frames" : [
{
"is_managed" : "false",
"native_address" : "0x10008a784",
"native_offset" : "0x00036",
"native_module" : "mono",
"unmanaged_name" : "mono_summarize_unmanaged_stack"
}
,
{
"is_managed" : "false",
"native_address" : "0x1001e6e37",
"native_offset" : "0x00047",
"native_module" : "mono",
"unmanaged_name" : "mono_threads_summarize_native_self"
}
,
{
"is_managed" : "false",
"native_address" : "0x1001e6f89",
"native_offset" : "0x00259",
"native_module" : "mono",
"unmanaged_name" : "mono_threads_summarize_execute_internal"
}
,
{
"is_managed" : "false",
"native_address" : "0x1001e6ef8",
"native_offset" : "0x00077",
"native_module" : "mono",
"unmanaged_name" : "mono_threads_summarize_execute"
}
,
{
"is_managed" : "false",
"native_address" : "0x1000e583b",
"native_offset" : "0x00070",
"native_module" : "mono",
"unmanaged_name" : "sigterm_signal_handler"
}
,
{
"is_managed" : "false",
"native_address" : "0x7ff8190b0e2d",
"native_offset" : "0x00000"
}
,
{
"is_managed" : "false",
"native_address" : "0x7000043249c8",
"native_offset" : "0x00000"
}
,
{
"is_managed" : "false",
"native_address" : "0x1001e7a78",
"native_offset" : "0x00143",
"native_module" : "mono",
"unmanaged_name" : "start_wrapper_internal"
}
,
{
"is_managed" : "false",
"native_address" : "0x1001e7a22",
"native_offset" : "0x00026",
"native_module" : "mono",
"unmanaged_name" : "start_wrapper"
}
,
{
"is_managed" : "false",
"native_address" : "0x7ff81909b4f4",
"native_offset" : "0x00000"
}
,
{
"is_managed" : "false",
"native_address" : "0x7ff81909700f",
"native_offset" : "0x00000"
}

]
},
{
"is_managed" : false,
"offset_free_hash" : "0xb38e474a",
"offset_rich_hash" : "0x7b43d885b",
"crashed" : false,
"native_thread_id" : "0x700002f07000",
"thread_info_addr" : "0x7fef970fc000",
"thread_name" : "Thread Pool Worker",
"ctx" : {
"IP" : "0x7ff81905eb0e",
"SP" : "0x700002f06e78",
"BP" : "0x700002f06ee0"
},
"unmanaged_frames" : [
{
"is_managed" : "false",
"native_address" : "0x10008a784",
"native_offset" : "0x00036",
"native_module" : "mono",
"unmanaged_name" : "mono_summarize_unmanaged_stack"
}
,
{
"is_managed" : "false",
"native_address" : "0x1001e6e37",
"native_offset" : "0x00047",
"native_module" : "mono",
"unmanaged_name" : "mono_threads_summarize_native_self"
}
,
{
"is_managed" : "false",
"native_address" : "0x1001e6f89",
"native_offset" : "0x00259",
"native_module" : "mono",
"unmanaged_name" : "mono_threads_summarize_execute_internal"
}
,
{
"is_managed" : "false",
"native_address" : "0x1001e6ef8",
"native_offset" : "0x00077",
"native_module" : "mono",
"unmanaged_name" : "mono_threads_summarize_execute"
}
,
{
"is_managed" : "false",
"native_address" : "0x1000e583b",
"native_offset" : "0x00070",
"native_module" : "mono",
"unmanaged_name" : "sigterm_signal_handler"
}
,
{
"is_managed" : "false",
"native_address" : "0x7ff8190b0e2d",
"native_offset" : "0x00000"
}
,
{
"is_managed" : "true",
"guid" : "FA2CC250-9168-4923-A39F-08BC86FA1884",
"token" : "0x60022e5",
"native_offset" : "0x0",
"filename" : "mscorlib.dll",
"sizeofimage" : "0x472000",
"timestamp" : "0xbe600fd0",
"il_offset" : "0x00000"
}
,
{
"is_managed" : "false",
"native_address" : "0x1001e7a78",
"native_offset" : "0x00143",
"native_module" : "mono",
"unmanaged_name" : "start_wrapper_internal"
}
,
{
"is_managed" : "false",
"native_address" : "0x1001e7a22",
"native_offset" : "0x00026",
"native_module" : "mono",
"unmanaged_name" : "start_wrapper"
}
,
{
"is_managed" : "false",
"native_address" : "0x7ff81909b4f4",
"native_offset" : "0x00000"
}
,
{
"is_managed" : "false",
"native_address" : "0x7ff81909700f",
"native_offset" : "0x00000"
}

]
},
{
"is_managed" : true,
"offset_free_hash" : "0x179a512fbc",
"offset_rich_hash" : "0x239b5a55e9",
"crashed" : true,
"native_thread_id" : "0x700004122000",
"thread_info_addr" : "0x7fef9a0db600",
"thread_name" : "RequestBuilder thread",
"ctx" : {
"IP" : "0x7ff819065112",
"SP" : "0x70000411ebb8",
"BP" : "0x70000411ebe0"
},
"managed_frames" : [
{
"is_managed" : "false",
"native_address" : "unregistered"
}
,
{
"is_managed" : "true",
"guid" : "FA2CC250-9168-4923-A39F-08BC86FA1884",
"token" : "0x00000",
"native_offset" : "0x0",
"filename" : "mscorlib.dll",
"sizeofimage" : "0x472000",
"timestamp" : "0xbe600fd0",
"il_offset" : "0x00000"
}
,
{
"is_managed" : "true",
"guid" : "FA2CC250-9168-4923-A39F-08BC86FA1884",
"token" : "0x6003e5c",
"native_offset" : "0x0",
"filename" : "mscorlib.dll",
"sizeofimage" : "0x472000",
"timestamp" : "0xbe600fd0",
"il_offset" : "0x00000"
}
,
{
"is_managed" : "true",
"guid" : "1E7B229A-1A0F-4D93-8602-6FAC5D4EC833",
"token" : "0x6000922",
"native_offset" : "0x0",
"filename" : "Microsoft.Build.Tasks.Core.dll",
"sizeofimage" : "0x16a000",
"timestamp" : "0x8aac2b1a",
"il_offset" : "0x0002b"
}
,
{
"is_managed" : "true",
"guid" : "1E7B229A-1A0F-4D93-8602-6FAC5D4EC833",
"token" : "0x60007a2",
"native_offset" : "0x0",
"filename" : "Microsoft.Build.Tasks.Core.dll",
"sizeofimage" : "0x16a000",
"timestamp" : "0x8aac2b1a",
"il_offset" : "0x00000"
}
,
{
"is_managed" : "true",
"guid" : "1E7B229A-1A0F-4D93-8602-6FAC5D4EC833",
"token" : "0x60005d2",
"native_offset" : "0x0",
"filename" : "Microsoft.Build.Tasks.Core.dll",
"sizeofimage" : "0x16a000",
"timestamp" : "0x8aac2b1a",
"il_offset" : "0x00023"
}
,
{
"is_managed" : "true",
"guid" : "1E7B229A-1A0F-4D93-8602-6FAC5D4EC833",
"token" : "0x60005c4",
"native_offset" : "0x0",
"filename" : "Microsoft.Build.Tasks.Core.dll",
"sizeofimage" : "0x16a000",
"timestamp" : "0x8aac2b1a",
"il_offset" : "0x00000"
}
,
{
"is_managed" : "true",
"guid" : "1E7B229A-1A0F-4D93-8602-6FAC5D4EC833",
"token" : "0x60005b9",
"native_offset" : "0x0",
"filename" : "Microsoft.Build.Tasks.Core.dll",
"sizeofimage" : "0x16a000",
"timestamp" : "0x8aac2b1a",
"il_offset" : "0x000fd"
}
,
{
"is_managed" : "true",
"guid" : "791A2046-345F-46A5-8BB7-D34A5BCE2225",
"token" : "0x60014e6",
"native_offset" : "0x0",
"filename" : "Microsoft.Build.dll",
"sizeofimage" : "0x1e6000",
"timestamp" : "0x9b5cfbd5",
"il_offset" : "0x00029"
}
,
{
"is_managed" : "true",
"guid" : "791A2046-345F-46A5-8BB7-D34A5BCE2225",
"token" : "0x6002296",
"native_offset" : "0x0",
"filename" : "Microsoft.Build.dll",
"sizeofimage" : "0x1e6000",
"timestamp" : "0x9b5cfbd5",
"il_offset" : "0x002a9"
}
,
{
"is_managed" : "true",
"guid" : "FA2CC250-9168-4923-A39F-08BC86FA1884",
"token" : "0x6004629",
"native_offset" : "0x0",
"filename" : "mscorlib.dll",
"sizeofimage" : "0x472000",
"timestamp" : "0xbe600fd0",
"il_offset" : "0x0002c"
}
,
{
"is_managed" : "true",
"guid" : "791A2046-345F-46A5-8BB7-D34A5BCE2225",
"token" : "0x6001387",
"native_offset" : "0x0",
"filename" : "Microsoft.Build.dll",
"sizeofimage" : "0x1e6000",
"timestamp" : "0x9b5cfbd5",
"il_offset" : "0x00046"
}
,
{
"is_managed" : "true",
"guid" : "791A2046-345F-46A5-8BB7-D34A5BCE2225",
"token" : "0x6002291",
"native_offset" : "0x0",
"filename" : "Microsoft.Build.dll",
"sizeofimage" : "0x1e6000",
"timestamp" : "0x9b5cfbd5",
"il_offset" : "0x00065"
}
,
{
"is_managed" : "true",
"guid" : "FA2CC250-9168-4923-A39F-08BC86FA1884",
"token" : "0x6004629",
"native_offset" : "0x0",
"filename" : "mscorlib.dll",
"sizeofimage" : "0x472000",
"timestamp" : "0xbe600fd0",
"il_offset" : "0x0002c"
}
,
{
"is_managed" : "true",
"guid" : "791A2046-345F-46A5-8BB7-D34A5BCE2225",
"token" : "0x6001385",
"native_offset" : "0x0",
"filename" : "Microsoft.Build.dll",
"sizeofimage" : "0x1e6000",
"timestamp" : "0x9b5cfbd5",
"il_offset" : "0x00046"
}
,
{
"is_managed" : "true",
"guid" : "791A2046-345F-46A5-8BB7-D34A5BCE2225",
"token" : "0x600228d",
"native_offset" : "0x0",
"filename" : "Microsoft.Build.dll",
"sizeofimage" : "0x1e6000",
"timestamp" : "0x9b5cfbd5",
"il_offset" : "0x001b8"
}
,
{
"is_managed" : "true",
"guid" : "FA2CC250-9168-4923-A39F-08BC86FA1884",
"token" : "0x6004629",
"native_offset" : "0x0",
"filename" : "mscorlib.dll",
"sizeofimage" : "0x472000",
"timestamp" : "0xbe600fd0",
"il_offset" : "0x0002c"
}
,
{
"is_managed" : "true",
"guid" : "791A2046-345F-46A5-8BB7-D34A5BCE2225",
"token" : "0x6001380",
"native_offset" : "0x0",
"filename" : "Microsoft.Build.dll",
"sizeofimage" : "0x1e6000",
"timestamp" : "0x9b5cfbd5",
"il_offset" : "0x0003d"
}
,
{
"is_managed" : "true",
"guid" : "791A2046-345F-46A5-8BB7-D34A5BCE2225",
"token" : "0x600228b",
"native_offset" : "0x0",
"filename" : "Microsoft.Build.dll",
"sizeofimage" : "0x1e6000",
"timestamp" : "0x9b5cfbd5",
"il_offset" : "0x001a9"
}
,
{
"is_managed" : "true",
"guid" : "FA2CC250-9168-4923-A39F-08BC86FA1884",
"token" : "0x6004629",
"native_offset" : "0x0",
"filename" : "mscorlib.dll",
"sizeofimage" : "0x472000",
"timestamp" : "0xbe600fd0",
"il_offset" : "0x0002c"
}
,
{
"is_managed" : "true",
"guid" : "791A2046-345F-46A5-8BB7-D34A5BCE2225",
"token" : "0x600137f",
"native_offset" : "0x0",
"filename" : "Microsoft.Build.dll",
"sizeofimage" : "0x1e6000",
"timestamp" : "0x9b5cfbd5",
"il_offset" : "0x0002c"
}
,
{
"is_managed" : "true",
"guid" : "791A2046-345F-46A5-8BB7-D34A5BCE2225",
"token" : "0x6002289",
"native_offset" : "0x0",
"filename" : "Microsoft.Build.dll",
"sizeofimage" : "0x1e6000",
"timestamp" : "0x9b5cfbd5",
"il_offset" : "0x0018b"
}
,
{
"is_managed" : "true",
"guid" : "FA2CC250-9168-4923-A39F-08BC86FA1884",
"token" : "0x6004629",
"native_offset" : "0x0",
"filename" : "mscorlib.dll",
"sizeofimage" : "0x472000",
"timestamp" : "0xbe600fd0",
"il_offset" : "0x0002c"
}
,
{
"is_managed" : "true",
"guid" : "791A2046-345F-46A5-8BB7-D34A5BCE2225",
"token" : "0x600137a",
"native_offset" : "0x0",
"filename" : "Microsoft.Build.dll",
"sizeofimage" : "0x1e6000",
"timestamp" : "0x9b5cfbd5",
"il_offset" : "0x00061"
}
,
{
"is_managed" : "true",
"guid" : "791A2046-345F-46A5-8BB7-D34A5BCE2225",
"token" : "0x6002287",
"native_offset" : "0x0",
"filename" : "Microsoft.Build.dll",
"sizeofimage" : "0x1e6000",
"timestamp" : "0x9b5cfbd5",
"il_offset" : "0x0005f"
}
,
{
"is_managed" : "true",
"guid" : "FA2CC250-9168-4923-A39F-08BC86FA1884",
"token" : "0x6004629",
"native_offset" : "0x0",
"filename" : "mscorlib.dll",
"sizeofimage" : "0x472000",
"timestamp" : "0xbe600fd0",
"il_offset" : "0x0002c"
}
,
{
"is_managed" : "true",
"guid" : "791A2046-345F-46A5-8BB7-D34A5BCE2225",
"token" : "0x6001354",
"native_offset" : "0x0",
"filename" : "Microsoft.Build.dll",
"sizeofimage" : "0x1e6000",
"timestamp" : "0x9b5cfbd5",
"il_offset" : "0x00046"
}
,
{
"is_managed" : "true",
"guid" : "791A2046-345F-46A5-8BB7-D34A5BCE2225",
"token" : "0x6002285",
"native_offset" : "0x0",
"filename" : "Microsoft.Build.dll",
"sizeofimage" : "0x1e6000",
"timestamp" : "0x9b5cfbd5",
"il_offset" : "0x002b7"
}
,
{
"is_managed" : "true",
"guid" : "FA2CC250-9168-4923-A39F-08BC86FA1884",
"token" : "0x600461e",
"native_offset" : "0x0",
"filename" : "mscorlib.dll",
"sizeofimage" : "0x472000",
"timestamp" : "0xbe600fd0",
"il_offset" : "0x0002c"
}
,
{
"is_managed" : "true",
"guid" : "791A2046-345F-46A5-8BB7-D34A5BCE2225",
"token" : "0x600134d",
"native_offset" : "0x0",
"filename" : "Microsoft.Build.dll",
"sizeofimage" : "0x1e6000",
"timestamp" : "0x9b5cfbd5",
"il_offset" : "0x0003d"
}
,
{
"is_managed" : "true",
"guid" : "791A2046-345F-46A5-8BB7-D34A5BCE2225",
"token" : "0x600227f",
"native_offset" : "0x0",
"filename" : "Microsoft.Build.dll",
"sizeofimage" : "0x1e6000",
"timestamp" : "0x9b5cfbd5",
"il_offset" : "0x00429"
}
,
{
"is_managed" : "true",
"guid" : "FA2CC250-9168-4923-A39F-08BC86FA1884",
"token" : "0x60024f2",
"native_offset" : "0x0",
"filename" : "mscorlib.dll",
"sizeofimage" : "0x472000",
"timestamp" : "0xbe600fd0",
"il_offset" : "0x00014"
}
,
{
"is_managed" : "true",
"guid" : "791A2046-345F-46A5-8BB7-D34A5BCE2225",
"token" : "0x6002267",
"native_offset" : "0x0",
"filename" : "Microsoft.Build.dll",
"sizeofimage" : "0x1e6000",
"timestamp" : "0x9b5cfbd5",
"il_offset" : "0x0001a"
}
,
{
"is_managed" : "true",
"guid" : "FA2CC250-9168-4923-A39F-08BC86FA1884",
"token" : "0x00000",
"native_offset" : "0x0",
"filename" : "mscorlib.dll",
"sizeofimage" : "0x472000",
"timestamp" : "0xbe600fd0",
"il_offset" : "0x0002a"
}

],
"unmanaged_frames" : [
{
"is_managed" : "false",
"native_address" : "0x10008a784",
"native_offset" : "0x00036",
"native_module" : "mono",
"unmanaged_name" : "mono_summarize_unmanaged_stack"
}
,
{
"is_managed" : "false",
"native_address" : "0x1001e6e37",
"native_offset" : "0x00047",
"native_module" : "mono",
"unmanaged_name" : "mono_threads_summarize_native_self"
}
,
{
"is_managed" : "false",
"native_address" : "0x1001e6f89",
"native_offset" : "0x00259",
"native_module" : "mono",
"unmanaged_name" : "mono_threads_summarize_execute_internal"
}
,
{
"is_managed" : "false",
"native_address" : "0x1001e767f",
"native_offset" : "0x00149",
"native_module" : "mono",
"unmanaged_name" : "mono_threads_summarize"
}
,
{
"is_managed" : "false",
"native_address" : "0x1000e6340",
"native_offset" : "0x00225",
"native_module" : "mono",
"unmanaged_name" : "mono_dump_native_crash_info"
}
,
{
"is_managed" : "false",
"native_address" : "0x10008ec5a",
"native_offset" : "0x00132",
"native_module" : "mono",
"unmanaged_name" : "mono_handle_native_crash"
}
,
{
"is_managed" : "false",
"native_address" : "0x1000e5af4",
"native_offset" : "0x00093",
"native_module" : "mono",
"unmanaged_name" : "sigabrt_signal_handler"
}
,
{
"is_managed" : "false",
"native_address" : "0x7ff8190b0e2d",
"native_offset" : "0x00000"
}
,
{
"is_managed" : "false",
"native_address" : "0x10026e611",
"native_offset" : "0x004b2",
"native_module" : "mono",
"unmanaged_name" : "mono_dl_open"
}
,
{
"is_managed" : "false",
"native_address" : "0x7ff818fe7d10",
"native_offset" : "0x00000"
}
,
{
"is_managed" : "false",
"native_address" : "0x7ff818ec53e2",
"native_offset" : "0x00000"
}
,
{
"is_managed" : "false",
"native_address" : "0x7ff818ec85ed",
"native_offset" : "0x00000"
}
,
{
"is_managed" : "false",
"native_address" : "0x100147877",
"native_offset" : "0x00016",
"native_module" : "mono",
"unmanaged_name" : "mono_assembly_name_free_internal"
}
,
{
"is_managed" : "false",
"native_address" : "0x1001480b9",
"native_offset" : "0x00207",
"native_module" : "mono",
"unmanaged_name" : "mono_assembly_load_with_partial_name_internal"
}
,
{
"is_managed" : "false",
"native_address" : "0x100175f10",
"native_offset" : "0x0003e",
"native_module" : "mono",
"unmanaged_name" : "ves_icall_System_Reflection_Assembly_load_with_partial_name"
}
,
{
"is_managed" : "false",
"native_address" : "0x100182d79",
"native_offset" : "0x00051",
"native_module" : "mono",
"unmanaged_name" : "ves_icall_System_Reflection_Assembly_load_with_partial_name_raw"
}
,
{
"is_managed" : "true",
"guid" : "FA2CC250-9168-4923-A39F-08BC86FA1884",
"token" : "0x00000",
"native_offset" : "0x0",
"filename" : "mscorlib.dll",
"sizeofimage" : "0x472000",
"timestamp" : "0xbe600fd0",
"il_offset" : "0x00000"
}
,
{
"is_managed" : "true",
"guid" : "(null)",
"token" : "0x00000",
"native_offset" : "0x0",
"filename" : "(null)",
"sizeofimage" : "0x0",
"timestamp" : "0x0",
"il_offset" : "0x00000"
}
,
{
"is_managed" : "true",
"guid" : "(null)",
"token" : "0x00000",
"native_offset" : "0x0",
"filename" : "(null)",
"sizeofimage" : "0x0",
"timestamp" : "0x0",
"il_offset" : "0x00000"
}
,
{
"is_managed" : "true",
"guid" : "(null)",
"token" : "0x00000",
"native_offset" : "0x0",
"filename" : "(null)",
"sizeofimage" : "0x0",
"timestamp" : "0x0",
"il_offset" : "0x00000"
}
,
{
"is_managed" : "true",
"guid" : "(null)",
"token" : "0x00000",
"native_offset" : "0x0",
"filename" : "(null)",
"sizeofimage" : "0x0",
"timestamp" : "0x0",
"il_offset" : "0x00000"
}
,
{
"is_managed" : "true",
"guid" : "(null)",
"token" : "0x00000",
"native_offset" : "0x0",
"filename" : "(null)",
"sizeofimage" : "0x0",
"timestamp" : "0x0",
"il_offset" : "0x00000"
}
,
{
"is_managed" : "true",
"guid" : "(null)",
"token" : "0x00000",
"native_offset" : "0x0",
"filename" : "(null)",
"sizeofimage" : "0x0",
"timestamp" : "0x0",
"il_offset" : "0x00000"
}
,
{
"is_managed" : "true",
"guid" : "1E7B229A-1A0F-4D93-8602-6FAC5D4EC833",
"token" : "0x60007a2",
"native_offset" : "0x0",
"filename" : "Microsoft.Build.Tasks.Core.dll",
"sizeofimage" : "0x16a000",
"timestamp" : "0x8aac2b1a",
"il_offset" : "0x00000"
}
,
{
"is_managed" : "true",
"guid" : "791A2046-345F-46A5-8BB7-D34A5BCE2225",
"token" : "0x60014e6",
"native_offset" : "0x0",
"filename" : "Microsoft.Build.dll",
"sizeofimage" : "0x1e6000",
"timestamp" : "0x9b5cfbd5",
"il_offset" : "0x00000"
}
,
{
"is_managed" : "true",
"guid" : "791A2046-345F-46A5-8BB7-D34A5BCE2225",
"token" : "0x6002296",
"native_offset" : "0x0",
"filename" : "Microsoft.Build.dll",
"sizeofimage" : "0x1e6000",
"timestamp" : "0x9b5cfbd5",
"il_offset" : "0x00000"
}
,
{
"is_managed" : "true",
"guid" : "FA2CC250-9168-4923-A39F-08BC86FA1884",
"token" : "0x6004629",
"native_offset" : "0x0",
"filename" : "mscorlib.dll",
"sizeofimage" : "0x472000",
"timestamp" : "0xbe600fd0",
"il_offset" : "0x00000"
}
,
{
"is_managed" : "true",
"guid" : "791A2046-345F-46A5-8BB7-D34A5BCE2225",
"token" : "0x6001387",
"native_offset" : "0x0",
"filename" : "Microsoft.Build.dll",
"sizeofimage" : "0x1e6000",
"timestamp" : "0x9b5cfbd5",
"il_offset" : "0x00000"
}

]
},
{
"is_managed" : false,
"offset_free_hash" : "0x0",
"offset_rich_hash" : "0x700af4111",
"crashed" : false,
"native_thread_id" : "0x700002d04000",
"thread_info_addr" : "0x7fef98077400",
"thread_name" : "Thread Pool Worker",
"ctx" : {
"IP" : "0x7ff81905eb0e",
"SP" : "0x700002d03e78",
"BP" : "0x700002d03ee0"
},
"unmanaged_frames" : [
{
"is_managed" : "false",
"native_address" : "0x10008a784",
"native_offset" : "0x00036",
"native_module" : "mono",
"unmanaged_name" : "mono_summarize_unmanaged_stack"
}
,
{
"is_managed" : "false",
"native_address" : "0x1001e6e37",
"native_offset" : "0x00047",
"native_module" : "mono",
"unmanaged_name" : "mono_threads_summarize_native_self"
}
,
{
"is_managed" : "false",
"native_address" : "0x1001e6f89",
"native_offset" : "0x00259",
"native_module" : "mono",
"unmanaged_name" : "mono_threads_summarize_execute_internal"
}
,
{
"is_managed" : "false",
"native_address" : "0x1001e6ef8",
"native_offset" : "0x00077",
"native_module" : "mono",
"unmanaged_name" : "mono_threads_summarize_execute"
}
,
{
"is_managed" : "false",
"native_address" : "0x1000e583b",
"native_offset" : "0x00070",
"native_module" : "mono",
"unmanaged_name" : "sigterm_signal_handler"
}
,
{
"is_managed" : "false",
"native_address" : "0x7ff8190b0e2d",
"native_offset" : "0x00000"
}
,
{
"is_managed" : "false",
"native_address" : "unregistered"
}
,
{
"is_managed" : "false",
"native_address" : "0x1001e7a78",
"native_offset" : "0x00143",
"native_module" : "mono",
"unmanaged_name" : "start_wrapper_internal"
}
,
{
"is_managed" : "false",
"native_address" : "0x1001e7a22",
"native_offset" : "0x00026",
"native_module" : "mono",
"unmanaged_name" : "start_wrapper"
}
,
{
"is_managed" : "false",
"native_address" : "0x7ff81909b4f4",
"native_offset" : "0x00000"
}
,
{
"is_managed" : "false",
"native_address" : "0x7ff81909700f",
"native_offset" : "0x00000"
}

]
},
{
"is_managed" : false,
"offset_free_hash" : "0xb38e474a",
"offset_rich_hash" : "0x7b43d885b",
"crashed" : false,
"native_thread_id" : "0x700003f1f000",
"thread_info_addr" : "0x7fef9a0fb000",
"thread_name" : "Thread Pool Worker",
"ctx" : {
"IP" : "0x7ff81905eb0e",
"SP" : "0x700003f1ee78",
"BP" : "0x700003f1eee0"
},
"unmanaged_frames" : [
{
"is_managed" : "false",
"native_address" : "0x10008a784",
"native_offset" : "0x00036",
"native_module" : "mono",
"unmanaged_name" : "mono_summarize_unmanaged_stack"
}
,
{
"is_managed" : "false",
"native_address" : "0x1001e6e37",
"native_offset" : "0x00047",
"native_module" : "mono",
"unmanaged_name" : "mono_threads_summarize_native_self"
}
,
{
"is_managed" : "false",
"native_address" : "0x1001e6f89",
"native_offset" : "0x00259",
"native_module" : "mono",
"unmanaged_name" : "mono_threads_summarize_execute_internal"
}
,
{
"is_managed" : "false",
"native_address" : "0x1001e6ef8",
"native_offset" : "0x00077",
"native_module" : "mono",
"unmanaged_name" : "mono_threads_summarize_execute"
}
,
{
"is_managed" : "false",
"native_address" : "0x1000e583b",
"native_offset" : "0x00070",
"native_module" : "mono",
"unmanaged_name" : "sigterm_signal_handler"
}
,
{
"is_managed" : "false",
"native_address" : "0x7ff8190b0e2d",
"native_offset" : "0x00000"
}
,
{
"is_managed" : "true",
"guid" : "FA2CC250-9168-4923-A39F-08BC86FA1884",
"token" : "0x60022e5",
"native_offset" : "0x0",
"filename" : "mscorlib.dll",
"sizeofimage" : "0x472000",
"timestamp" : "0xbe600fd0",
"il_offset" : "0x00000"
}
,
{
"is_managed" : "false",
"native_address" : "0x1001e7a78",
"native_offset" : "0x00143",
"native_module" : "mono",
"unmanaged_name" : "start_wrapper_internal"
}
,
{
"is_managed" : "false",
"native_address" : "0x1001e7a22",
"native_offset" : "0x00026",
"native_module" : "mono",
"unmanaged_name" : "start_wrapper"
}
,
{
"is_managed" : "false",
"native_address" : "0x7ff81909b4f4",
"native_offset" : "0x00000"
}
,
{
"is_managed" : "false",
"native_address" : "0x7ff81909700f",
"native_offset" : "0x00000"
}

]
}
]
}