<?xml version="1.0" encoding="UTF-8"?>
<beans xmlns="http://www.springframework.org/schema/beans"
       xmlns:xsi="http://www.w3.org/2001/XMLSchema-instance" xmlns:util="http://www.springframework.org/schema/util"
       xsi:schemaLocation="http://www.springframework.org/schema/beans http://www.springframework.org/schema/beans/spring-beans.xsd http://www.springframework.org/schema/util http://www.springframework.org/schema/util/spring-util.xsd">

    <util:properties id="jdbcProps1">
        <prop key="tasks.jdbc.url">jdbc:sqlite:/Users/grigo/didactic/MPP/ExempleCurs/2021/TemaLab4/RepairShopDB.db</prop>
    </util:properties>

    <util:properties id="jdbcProps" location="classpath:bd.config"/>

    <bean id="requestsRepoFile" class="repository.file.ComputerRepairRequestFileRepository">
        <constructor-arg value="ComputerRequests.txt"/>
    </bean>

    <bean id="requestsRepoJdbc" class="repository.jdbc.ComputerRepairRequestJdbcRepository">
        <constructor-arg ref="jdbcProps"/>
    </bean>

    <bean id="formsRepoFile" class="repository.file.ComputerRepairedFormFileRepository">
        <constructor-arg value="RepairedForms.txt"/>
        <constructor-arg ref="requestsRepoFile"/>
    </bean>

    <bean id="formsRepoJdbc" class="repository.jdbc.ComputerRepairedFormJdbcRepository">
        <constructor-arg ref="jdbcProps"/>

    </bean>
    <bean id="shopService" class="services.ComputerRepairServices">
        <constructor-arg ref="requestsRepoFile"/>
        <constructor-arg ref="formsRepoFile"/>
    </bean>

</beans>