{"data":[{"files":[{"branches":[],"expansions":[],"filename":"/Volumes/D/Faculta/A1S2/OOP/labs/lab8-9/magazin/actiune_undo.h","segments":[[14,36,42,true,true,false],[14,37,0,false,false,false],[21,65,35,true,true,false],[21,67,0,false,false,false],[22,28,0,true,true,false],[24,6,0,false,false,false],[31,84,3,true,true,false],[31,86,0,false,false,false],[32,28,2,true,true,false],[34,6,0,false,false,false],[41,92,4,true,true,false],[41,94,0,false,false,false],[42,28,0,true,true,false],[44,6,0,false,false,false]],"summary":{"branches":{"count":0,"covered":0,"notcovered":0,"percent":0},"functions":{"count":7,"covered":5,"percent":71.428571428571431},"instantiations":{"count":7,"covered":5,"percent":71.428571428571431},"lines":{"count":13,"covered":7,"percent":53.846153846153847},"regions":{"count":7,"covered":5,"notcovered":2,"percent":71.428571428571431}}},{"branches":[[19,8,19,26,1,0,0,0,4],[33,17,33,18,10,2,0,0,4]],"expansions":[],"filename":"/Volumes/D/Faculta/A1S2/OOP/labs/lab8-9/magazin/cos_cumparaturi.cpp","segments":[[8,57,31,true,true,false],[11,2,0,false,false,false],[13,43,1,true,true,false],[15,2,0,false,false,false],[17,57,1,true,true,false],[19,8,1,true,true,false],[19,26,1,true,false,false],[19,28,1,true,true,false],[22,6,1,true,false,false],[23,2,0,false,false,false],[25,61,3,true,true,false],[27,2,0,false,false,false],[29,67,2,true,true,false],[33,22,10,true,false,true],[33,23,10,true,true,false],[36,6,2,true,false,false],[37,1,0,false,true,false],[37,1,2,true,false,false],[39,2,0,false,false,false],[41,36,2,true,true,false],[44,2,0,false,false,false]],"summary":{"branches":{"count":4,"covered":3,"notcovered":1,"percent":75},"functions":{"count":6,"covered":6,"percent":100},"instantiations":{"count":6,"covered":6,"percent":100},"lines":{"count":31,"covered":31,"percent":100},"regions":{"count":9,"covered":9,"notcovered":0,"percent":100}}},{"branches":[[18,25,18,39,11,0,0,0,4],[19,17,19,29,1,10,0,0,4]],"expansions":[],"filename":"/Volumes/D/Faculta/A1S2/OOP/labs/lab8-9/magazin/cos_cumparaturi.h","segments":[[17,54,1,true,true,false],[18,25,11,true,true,false],[18,39,1,true,false,false],[18,41,10,true,true,false],[18,44,1,true,false,false],[18,45,11,true,false,true],[18,46,11,true,true,false],[19,17,11,true,true,false],[19,29,11,true,false,false],[19,30,1,true,false,true],[19,31,1,true,true,false],[19,39,11,true,false,false],[20,10,0,true,false,true],[21,9,0,true,true,false],[21,18,1,true,false,false],[22,6,0,false,false,false],[25,36,3,true,true,false],[27,6,0,false,false,false]],"summary":{"branches":{"count":4,"covered":3,"notcovered":1,"percent":75},"functions":{"count":2,"covered":2,"percent":100},"instantiations":{"count":2,"covered":2,"percent":100},"lines":{"count":9,"covered":8,"percent":88.888888888888886},"regions":{"count":8,"covered":7,"notcovered":1,"percent":87.5}}},{"branches":[],"expansions":[],"filename":"/Volumes/D/Faculta/A1S2/OOP/labs/lab8-9/magazin/domain.cpp","segments":[[8,53,2,true,true,false],[10,2,0,false,false,false],[12,51,2,true,true,false],[14,2,0,false,false,false],[16,45,2,true,true,false],[18,2,0,false,false,false],[20,65,2,true,true,false],[22,2,0,false,false,false]],"summary":{"branches":{"count":0,"covered":0,"notcovered":0,"percent":0},"functions":{"count":4,"covered":4,"percent":100},"instantiations":{"count":4,"covered":4,"percent":100},"lines":{"count":12,"covered":12,"percent":100},"regions":{"count":4,"covered":4,"notcovered":0,"percent":100}}},{"branches":[[32,13,32,27,160,0,0,0,4],[42,13,42,27,63,0,0,0,4]],"expansions":[],"filename":"/Volumes/D/Faculta/A1S2/OOP/labs/lab8-9/magazin/domain.h","segments":[[21,59,0,true,true,false],[22,6,0,false,false,false],[25,76,58,true,true,false],[26,1,0,false,true,false],[28,11,58,true,false,false],[29,6,0,false,false,false],[31,34,160,true,true,false],[32,13,160,true,true,false],[32,27,160,true,false,false],[32,29,160,true,true,false],[38,10,160,true,false,false],[39,6,0,false,false,false],[41,44,63,true,true,false],[42,13,63,true,true,false],[42,27,63,true,false,false],[42,29,63,true,true,false],[48,10,63,true,false,false],[50,6,0,false,false,false],[52,15,218,true,true,false],[53,1,0,false,true,false],[53,37,218,true,false,false],[54,6,0,false,false,false],[60,24,1398,true,true,false],[62,6,0,false,false,false],[68,34,523,true,true,false],[70,6,0,false,false,false],[76,33,384,true,true,false],[78,6,0,false,false,false],[84,26,378,true,true,false],[86,6,0,false,false,false],[92,40,347,true,true,false],[94,6,0,false,false,false]],"summary":{"branches":{"count":4,"covered":2,"notcovered":2,"percent":50},"functions":{"count":10,"covered":9,"percent":90},"instantiations":{"count":10,"covered":9,"percent":90},"lines":{"count":40,"covered":38,"percent":95},"regions":{"count":14,"covered":13,"notcovered":1,"percent":92.857142857142861}}},{"branches":[],"expansions":[],"filename":"/Volumes/D/Faculta/A1S2/OOP/labs/lab8-9/magazin/exception.h","segments":[[12,53,27,true,true,false],[12,55,0,false,false,false],[14,48,0,true,true,false],[16,6,0,false,false,false]],"summary":{"branches":{"count":0,"covered":0,"notcovered":0,"percent":0},"functions":{"count":2,"covered":1,"percent":50},"instantiations":{"count":2,"covered":1,"percent":50},"lines":{"count":4,"covered":1,"percent":25},"regions":{"count":2,"covered":1,"notcovered":1,"percent":50}}},{"branches":[],"expansions":[],"filename":"/Volumes/D/Faculta/A1S2/OOP/labs/lab8-9/magazin/main.cpp","segments":[[8,14,0,true,true,false],[15,2,0,false,false,false],[17,12,1,true,true,false],[20,1,0,false,true,false],[20,15,1,true,false,false],[21,2,0,false,false,false]],"summary":{"branches":{"count":0,"covered":0,"notcovered":0,"percent":0},"functions":{"count":2,"covered":1,"percent":50},"instantiations":{"count":2,"covered":1,"percent":50},"lines":{"count":12,"covered":4,"percent":33.333333333333329},"regions":{"count":2,"covered":1,"notcovered":1,"percent":50}}},{"branches":[[9,8,9,71,12,37,0,0,4],[18,8,18,26,3,1,0,0,4],[32,20,32,21,880,46,0,0,4],[33,13,33,32,100,780,0,0,4]],"expansions":[],"filename":"/Volumes/D/Faculta/A1S2/OOP/labs/lab8-9/magazin/repo.cpp","segments":[[8,56,49,true,true,false],[9,8,49,true,true,false],[9,71,49,true,false,false],[9,72,12,true,false,true],[9,73,12,true,true,false],[11,6,37,true,false,true],[12,5,37,true,true,false],[13,2,0,false,false,false],[15,68,4,true,true,false],[18,8,4,true,true,false],[18,26,4,true,false,false],[18,27,3,true,false,true],[18,28,3,true,true,false],[20,6,1,true,false,true],[21,10,1,true,true,false],[23,6,4,true,false,false],[24,2,0,false,false,false],[26,83,4,true,true,false],[29,2,0,false,false,false],[31,64,146,true,true,false],[32,36,880,true,false,true],[32,37,880,true,true,false],[33,13,880,true,true,false],[33,32,880,true,false,false],[33,33,100,true,false,true],[33,34,100,true,true,false],[33,45,880,true,false,false],[34,6,46,true,false,true],[35,5,46,true,true,false],[36,19,146,true,false,false],[37,2,0,false,false,false],[39,65,2,true,true,false],[41,2,0,false,false,false],[44,60,37,true,true,false],[45,9,37,true,true,false],[47,6,37,true,false,false],[47,28,1,true,true,false],[47,30,37,true,false,false],[48,5,37,true,true,false],[49,2,0,false,false,false],[51,72,4,true,true,false],[54,2,0,false,false,false],[56,87,4,true,true,false],[59,2,0,false,false,false]],"summary":{"branches":{"count":8,"covered":8,"notcovered":0,"percent":100},"functions":{"count":8,"covered":8,"percent":100},"instantiations":{"count":8,"covered":8,"percent":100},"lines":{"count":44,"covered":44,"percent":100},"regions":{"count":21,"covered":21,"notcovered":0,"percent":100}}},{"branches":[[122,15,122,33,12,3,0,0,4],[126,19,126,51,0,12,0,0,4],[127,21,127,29,0,0,0,0,4],[128,21,128,29,0,0,0,0,4],[129,21,129,29,0,0,0,0,4],[130,21,130,29,0,0,0,0,4],[131,21,131,29,0,0,0,0,4],[66,25,66,49,34,1,0,0,4],[67,17,67,55,7,27,0,0,4],[146,12,146,27,0,44,0,0,4],[149,24,149,25,294,44,0,0,4]],"expansions":[],"filename":"/Volumes/D/Faculta/A1S2/OOP/labs/lab8-9/magazin/repo.h","segments":[[65,57,8,true,true,false],[66,25,35,true,true,false],[66,49,8,true,false,false],[66,51,27,true,true,false],[66,54,8,true,false,false],[66,55,34,true,false,true],[67,13,34,true,true,false],[67,17,34,true,true,false],[67,55,34,true,false,false],[67,56,7,true,false,true],[68,17,7,true,true,false],[68,25,8,true,false,false],[68,26,1,true,false,true],[69,9,1,true,true,false],[69,18,8,true,false,false],[70,6,0,false,false,false],[73,27,3,true,true,false],[73,28,0,false,false,false],[114,27,3,true,true,false],[117,1,0,false,true,false],[117,1,3,true,false,false],[121,1,0,false,true,false],[121,1,3,true,false,false],[122,15,15,true,true,false],[122,33,3,true,false,false],[122,34,12,true,false,true],[122,35,12,true,true,false],[125,1,0,false,true,false],[125,1,12,true,false,false],[126,19,12,true,true,false],[126,51,12,true,false,false],[126,52,0,true,false,true],[126,53,0,true,true,false],[127,21,0,true,true,false],[127,29,0,true,false,false],[127,31,0,true,true,false],[127,54,0,true,false,false],[128,21,0,true,true,false],[128,29,0,true,false,false],[128,31,0,true,true,false],[128,49,0,true,false,false],[129,21,0,true,true,false],[129,29,0,true,false,false],[129,31,0,true,true,false],[129,44,0,true,false,false],[130,21,0,true,true,false],[130,29,0,true,false,false],[130,31,0,true,true,false],[130,56,0,true,false,false],[131,21,0,true,true,false],[131,29,0,true,false,false],[131,31,0,true,true,false],[131,51,0,true,false,false],[133,14,12,true,false,false],[135,17,12,true,true,false],[137,14,12,true,false,false],[137,36,11,true,true,false],[138,14,12,true,false,false],[139,10,3,true,false,false],[140,1,0,false,true,false],[140,1,3,true,false,false],[141,9,3,true,true,false],[142,6,0,false,false,false],[144,25,44,true,true,false],[146,12,44,true,true,false],[146,27,44,true,false,false],[146,28,0,true,false,true],[146,29,0,true,true,false],[148,10,44,true,false,true],[149,9,44,true,true,false],[149,33,294,true,false,true],[149,34,294,true,true,false],[150,1,0,false,true,false],[150,25,294,true,false,false],[152,10,44,true,false,false],[154,6,0,false,false,false],[158,77,3,true,true,false],[160,6,0,false,false,false]],"summary":{"branches":{"count":22,"covered":10,"notcovered":12,"percent":45.454545454545453},"functions":{"count":5,"covered":5,"percent":100},"instantiations":{"count":5,"covered":5,"percent":100},"lines":{"count":45,"covered":36,"percent":80},"regions":{"count":32,"covered":20,"notcovered":12,"percent":62.5}}},{"branches":[[11,8,11,51,0,35,0,0,4],[20,8,20,26,2,3,0,0,4],[26,9,26,27,3,0,0,0,4],[26,9,26,47,0,3,0,0,4],[26,31,26,47,0,3,0,0,4],[32,9,32,36,1,4,0,0,4],[37,9,37,20,1,3,0,0,4],[40,8,40,19,1,3,0,0,4],[43,8,43,19,1,3,0,0,4],[46,8,46,19,1,3,0,0,4],[77,9,77,48,31,1,0,0,4],[86,9,86,48,1,1,0,0,4],[115,9,115,27,2,2,0,0,4]],"expansions":[],"filename":"/Volumes/D/Faculta/A1S2/OOP/labs/lab8-9/magazin/service.cpp","segments":[[9,156,35,true,true,false],[11,8,35,true,true,false],[11,51,35,true,false,false],[11,52,0,true,false,true],[11,53,0,true,true,false],[11,59,35,true,false,false],[12,5,35,true,true,false],[15,2,0,false,false,false],[17,59,5,true,true,false],[19,1,0,false,true,false],[19,23,5,true,false,false],[20,8,5,true,true,false],[20,26,5,true,false,false],[20,27,2,true,false,true],[20,28,2,true,true,false],[22,6,3,true,false,true],[23,5,3,true,true,false],[25,1,0,false,true,false],[25,1,3,true,false,false],[26,9,3,true,true,false],[26,27,3,true,false,false],[26,31,3,true,true,false],[26,47,3,true,false,false],[26,48,0,true,false,true],[26,49,0,true,true,false],[26,66,3,true,false,false],[28,2,0,false,false,false],[30,154,5,true,true,false],[32,9,5,true,true,false],[32,36,5,true,false,false],[32,37,1,true,false,true],[32,38,1,true,true,false],[34,6,4,true,false,true],[35,5,4,true,true,false],[36,1,0,false,true,false],[36,28,4,true,false,false],[37,9,4,true,true,false],[37,20,4,true,false,false],[37,21,1,true,false,true],[37,22,1,true,true,false],[39,6,4,true,false,false],[40,8,4,true,true,false],[40,19,4,true,false,false],[40,20,1,true,false,true],[40,21,1,true,true,false],[42,6,4,true,false,false],[43,8,4,true,true,false],[43,19,4,true,false,false],[43,20,1,true,false,true],[43,21,1,true,true,false],[45,6,4,true,false,false],[46,8,4,true,true,false],[46,19,4,true,false,false],[46,20,1,true,false,true],[46,21,1,true,true,false],[48,6,4,true,false,false],[49,1,0,false,true,false],[49,1,4,true,false,false],[51,2,0,false,false,false],[53,61,51,true,true,false],[55,2,0,false,false,false],[57,104,1,true,true,false],[62,2,0,false,false,false],[64,121,1,true,true,false],[67,1,0,false,true,false],[72,19,1,true,false,false],[74,2,0,false,false,false],[76,52,32,true,true,false],[77,9,32,true,true,false],[77,48,32,true,false,false],[77,49,31,true,false,true],[77,50,31,true,true,false],[79,6,1,true,false,true],[80,10,1,true,true,false],[82,6,32,true,false,false],[83,2,0,false,false,false],[85,52,2,true,true,false],[86,9,2,true,true,false],[86,48,2,true,false,false],[86,49,1,true,false,true],[86,50,1,true,true,false],[88,6,1,true,false,true],[89,10,1,true,true,false],[91,6,2,true,false,false],[92,2,0,false,false,false],[94,61,3,true,true,false],[96,2,0,false,false,false],[98,43,1,true,true,false],[100,2,0,false,false,false],[102,36,2,true,true,false],[104,2,0,false,false,false],[106,59,2,true,true,false],[108,2,0,false,false,false],[110,63,1,true,true,false],[112,2,0,false,false,false],[114,29,4,true,true,false],[115,9,4,true,true,false],[115,27,4,true,false,false],[115,28,2,true,false,true],[116,9,2,true,true,false],[116,67,4,true,false,false],[116,68,2,true,false,true],[117,5,2,true,true,false],[119,2,0,false,false,false]],"summary":{"branches":{"count":26,"covered":22,"notcovered":4,"percent":84.615384615384613},"functions":{"count":14,"covered":14,"percent":100},"instantiations":{"count":14,"covered":14,"percent":100},"lines":{"count":88,"covered":88,"percent":100},"regions":{"count":44,"covered":42,"notcovered":2,"percent":95.454545454545453}}},{"branches":[],"expansions":[],"filename":"/Volumes/D/Faculta/A1S2/OOP/labs/lab8-9/magazin/service.h","segments":[[28,110,3,true,true,false],[29,6,0,false,false,false]],"summary":{"branches":{"count":0,"covered":0,"notcovered":0,"percent":0},"functions":{"count":1,"covered":1,"percent":100},"instantiations":{"count":1,"covered":1,"percent":100},"lines":{"count":2,"covered":2,"percent":100},"regions":{"count":1,"covered":1,"notcovered":0,"percent":100}}},{"branches":[[271,17,271,18,12,1,0,0,4],[272,12,272,31,4,8,0,0,4],[273,17,273,31,3,1,0,0,4],[153,13,153,42,23,20,0,0,4],[154,13,154,42,19,1,0,0,4]],"expansions":[],"filename":"/Volumes/D/Faculta/A1S2/OOP/labs/lab8-9/magazin/tests.cpp","segments":[[16,27,1,true,true,false],[18,30,1,true,false,true],[19,11,1,true,true,false],[19,38,1,true,false,true],[20,11,1,true,true,false],[20,39,1,true,false,true],[21,11,1,true,true,false],[21,32,1,true,false,true],[22,11,1,true,true,false],[22,44,1,true,false,true],[23,1,0,false,true,false],[23,1,1,true,false,true],[24,5,1,true,true,false],[27,1,0,false,true,false],[27,1,1,true,false,false],[29,5,1,true,true,false],[30,38,1,true,false,true],[31,5,1,true,true,false],[32,33,1,true,false,true],[33,5,1,true,true,false],[34,47,1,true,false,true],[35,1,0,false,true,false],[35,1,1,true,false,true],[36,11,1,true,true,false],[36,34,1,true,false,true],[37,11,1,true,true,false],[37,42,1,true,false,true],[38,11,1,true,true,false],[38,43,1,true,false,true],[39,11,1,true,true,false],[39,36,1,true,false,true],[40,11,1,true,true,false],[41,2,0,false,false,false],[43,31,1,true,true,false],[46,44,1,true,false,true],[47,5,1,true,true,false],[48,9,1,true,true,false],[50,6,1,true,false,false],[50,28,1,true,true,false],[52,6,1,true,false,true],[53,5,1,true,true,false],[54,9,1,true,true,false],[56,6,1,true,false,false],[56,28,1,true,true,false],[58,6,1,true,false,true],[59,5,1,true,true,false],[60,9,1,true,true,false],[62,6,1,true,false,false],[62,28,1,true,true,false],[64,6,1,true,false,true],[65,5,1,true,true,false],[66,9,1,true,true,false],[68,6,1,true,false,false],[68,28,1,true,true,false],[70,6,1,true,false,true],[71,5,1,true,true,false],[73,9,1,true,true,false],[75,6,1,true,false,false],[75,28,1,true,true,false],[77,6,1,true,false,true],[78,5,1,true,true,false],[79,9,1,true,true,false],[81,6,1,true,false,false],[81,28,1,true,true,false],[83,6,1,true,false,true],[84,5,1,true,true,false],[85,9,1,true,true,false],[87,6,1,true,false,false],[87,28,1,true,true,false],[89,6,1,true,false,false],[90,2,0,false,false,false],[92,28,1,true,true,false],[96,1,0,false,true,false],[96,1,1,true,false,false],[100,1,0,false,true,false],[100,1,1,true,false,false],[101,9,1,true,true,false],[103,6,1,true,false,false],[103,28,1,true,true,false],[105,6,1,true,false,true],[106,1,0,false,true,false],[106,1,1,true,false,true],[107,5,1,true,true,false],[108,1,0,false,true,false],[108,1,1,true,false,false],[111,1,0,false,true,false],[111,1,1,true,false,false],[113,11,1,true,true,false],[113,43,1,true,false,true],[114,11,1,true,true,false],[114,44,1,true,false,true],[115,11,1,true,true,false],[115,37,1,true,false,true],[116,11,1,true,true,false],[116,49,1,true,false,true],[117,1,0,false,true,false],[117,1,1,true,false,true],[118,5,1,true,true,false],[119,36,1,true,false,true],[120,1,0,false,true,false],[120,1,1,true,false,true],[121,11,1,true,true,false],[121,36,1,true,false,true],[122,1,0,false,true,false],[122,1,1,true,false,true],[123,5,1,true,true,false],[127,1,0,false,true,false],[127,1,1,true,false,false],[129,1,0,false,true,false],[129,1,1,true,false,false],[131,11,1,true,true,false],[131,43,1,true,false,true],[132,11,1,true,true,false],[132,38,1,true,false,true],[133,11,1,true,true,false],[133,52,1,true,false,true],[134,1,0,false,true,false],[134,1,1,true,false,true],[135,5,1,true,true,false],[135,9,1,true,true,false],[137,6,1,true,false,false],[137,34,1,true,true,false],[139,6,1,true,false,true],[140,1,0,false,true,false],[140,1,1,true,false,true],[141,5,1,true,true,false],[150,1,0,false,true,false],[150,22,1,true,false,false],[152,75,43,true,true,false],[153,13,43,true,true,false],[153,42,43,true,false,false],[153,43,23,true,false,true],[153,44,23,true,true,false],[153,53,43,true,false,false],[153,54,20,true,false,true],[154,9,20,true,true,false],[154,13,20,true,true,false],[154,42,20,true,false,false],[154,43,19,true,false,true],[154,44,19,true,true,false],[154,52,20,true,false,false],[154,53,1,true,false,true],[155,9,1,true,true,false],[155,17,20,true,false,false],[156,6,1,true,false,false],[157,1,0,false,true,false],[158,10,1,true,false,false],[159,9,1,true,true,false],[161,6,1,true,false,false],[161,33,0,true,true,false],[163,6,0,true,false,true],[164,5,1,true,true,false],[164,76,10,true,true,false],[166,6,1,true,false,false],[168,5,1,true,true,false],[169,1,0,false,true,false],[169,1,1,true,false,false],[170,9,1,true,true,false],[172,6,1,true,false,false],[172,33,1,true,true,false],[174,6,1,true,false,true],[175,1,0,false,true,false],[175,1,1,true,false,true],[176,5,1,true,true,false],[176,9,1,true,true,false],[178,6,1,true,false,false],[178,33,1,true,true,false],[180,6,1,true,false,false],[181,1,0,false,true,false],[182,1,1,true,false,false],[183,2,0,false,false,false],[185,28,1,true,true,false],[190,1,0,false,true,false],[190,1,1,true,false,false],[191,9,1,true,true,false],[193,6,1,true,false,false],[193,28,1,true,true,false],[195,6,1,true,false,true],[196,1,0,false,true,false],[196,1,1,true,false,true],[197,5,1,true,true,false],[209,1,0,false,true,false],[209,1,1,true,false,false],[212,5,1,true,true,false],[213,55,1,true,false,true],[214,1,0,false,true,false],[216,1,1,true,false,true],[217,5,1,true,true,false],[227,1,0,false,true,false],[227,1,1,true,false,false],[229,1,0,false,true,false],[229,1,1,true,false,false],[231,1,0,false,true,false],[231,1,1,true,false,false],[232,9,1,true,true,false],[235,6,1,true,false,false],[235,29,1,true,true,false],[237,6,1,true,false,true],[238,1,0,false,true,false],[238,1,1,true,false,true],[239,5,1,true,true,false],[239,9,1,true,true,false],[242,6,1,true,false,false],[242,29,1,true,true,false],[244,6,1,true,false,true],[245,1,0,false,true,false],[245,1,1,true,false,true],[246,5,1,true,true,false],[248,34,1,true,false,true],[249,1,0,false,true,false],[250,1,1,true,false,true],[251,5,1,true,true,false],[252,41,1,true,false,true],[253,1,0,false,true,false],[253,1,1,true,false,true],[254,5,1,true,true,false],[255,1,0,false,true,false],[255,1,1,true,false,false],[266,1,0,false,true,false],[266,1,1,true,false,false],[271,23,12,true,false,true],[271,24,12,true,true,false],[272,12,12,true,true,false],[272,31,12,true,false,false],[272,32,4,true,false,true],[272,33,4,true,true,false],[273,17,4,true,true,false],[273,31,4,true,false,false],[273,32,3,true,false,true],[273,33,3,true,true,false],[275,14,4,true,false,true],[276,13,4,true,true,false],[278,10,8,true,false,true],[279,14,8,true,true,false],[279,19,12,true,false,false],[280,6,1,true,false,false],[281,2,0,false,false,false],[283,24,1,true,true,false],[284,1,0,false,true,false],[284,1,1,true,false,false],[288,1,0,false,true,false],[288,1,1,true,false,false],[293,1,0,false,true,false],[293,1,1,true,false,false],[294,9,1,true,true,false],[296,6,1,true,false,false],[296,28,1,true,true,false],[298,6,1,true,false,true],[299,1,0,false,true,false],[299,1,1,true,false,true],[300,5,1,true,true,false],[312,1,0,false,true,false],[312,1,1,true,false,false],[315,5,1,true,true,false],[316,55,1,true,false,true],[317,1,0,false,true,false],[317,1,1,true,false,true],[318,5,1,true,true,false],[328,1,0,false,true,false],[328,1,1,true,false,false],[330,1,0,false,true,false],[332,1,1,true,false,true],[333,5,1,true,true,false],[335,2,0,false,false,false],[337,29,1,true,true,false],[344,2,0,false,false,false]],"summary":{"branches":{"count":10,"covered":10,"notcovered":0,"percent":100},"functions":{"count":8,"covered":8,"percent":100},"instantiations":{"count":8,"covered":8,"percent":100},"lines":{"count":284,"covered":282,"percent":99.295774647887328},"regions":{"count":100,"covered":99,"notcovered":1,"percent":99}}},{"branches":[[25,11,25,29,0,0,0,0,4],[25,33,25,51,0,0,0,0,4],[27,16,27,34,0,0,0,0,4],[50,9,50,22,0,0,0,0,4],[54,9,54,24,0,0,0,0,4],[64,11,64,29,0,0,0,0,4],[64,33,64,51,0,0,0,0,4],[66,16,66,34,0,0,0,0,4],[82,9,82,62,0,0,0,0,4],[86,9,86,22,0,0,0,0,4],[90,9,90,20,0,0,0,0,4],[90,24,90,42,0,0,0,0,4],[91,14,91,25,0,0,0,0,4],[100,11,100,29,0,0,0,0,4],[100,33,100,51,0,0,0,0,4],[102,16,102,34,0,0,0,0,4],[106,16,106,34,0,0,0,0,4],[109,9,109,22,0,0,0,0,4],[119,23,119,24,0,0,0,0,4],[120,12,120,30,0,0,0,0,4],[126,25,126,26,0,0,0,0,4],[143,9,143,27,0,0,0,0,4],[143,31,143,47,0,0,0,0,4],[147,21,147,22,0,0,0,0,4],[151,16,151,34,0,0,0,0,4],[151,38,151,58,0,0,0,0,4],[156,16,156,34,0,0,0,0,4],[156,38,156,96,0,0,0,0,4],[158,16,158,34,0,0,0,0,4],[161,13,161,29,0,0,0,0,4],[166,13,166,29,0,0,0,0,4],[171,13,171,29,0,0,0,0,4],[176,13,176,29,0,0,0,0,4],[177,17,177,38,0,0,0,0,4],[185,21,185,22,0,0,0,0,4],[196,9,196,27,0,0,0,0,4],[197,13,197,29,0,0,0,0,4],[197,33,197,49,0,0,0,0,4],[199,17,199,33,0,0,0,0,4],[200,21,200,37,0,0,0,0,4],[205,21,205,39,0,0,0,0,4],[214,21,214,37,0,0,0,0,4],[221,24,221,40,0,0,0,0,4],[222,21,222,37,0,0,0,0,4],[227,21,227,39,0,0,0,0,4],[234,21,234,37,0,0,0,0,4],[240,25,240,26,0,0,0,0,4],[253,9,253,27,0,0,0,0,4],[256,9,256,30,0,0,0,0,4],[265,9,265,27,0,0,0,0,4],[268,9,268,30,0,0,0,0,4],[275,9,275,27,0,0,0,0,4],[280,17,280,18,0,0,0,0,4],[289,9,289,27,0,0,0,0,4],[296,9,296,27,0,0,0,0,4],[299,9,299,30,0,0,0,0,4],[306,12,306,25,0,0,0,0,4],[313,9,313,27,0,0,0,0,4],[339,12,339,32,0,0,0,0,4],[343,13,343,33,0,0,0,0,4],[344,18,344,38,0,0,0,0,4],[349,13,349,31,0,0,0,0,4],[350,18,350,77,0,0,0,0,4],[355,17,355,34,0,0,0,0,4],[357,24,357,41,0,0,0,0,4],[359,24,359,41,0,0,0,0,4],[361,24,361,42,0,0,0,0,4],[363,24,363,42,0,0,0,0,4],[365,24,365,45,0,0,0,0,4],[367,24,367,45,0,0,0,0,4],[369,24,369,46,0,0,0,0,4],[371,24,371,47,0,0,0,0,4],[373,24,373,48,0,0,0,0,4],[375,24,375,48,0,0,0,0,4],[377,24,377,45,0,0,0,0,4],[379,24,379,42,0,0,0,0,4],[390,9,390,26,0,0,0,0,4],[396,12,396,35,0,0,0,0,4],[398,13,398,34,0,0,0,0,4],[400,12,400,33,0,0,0,0,4],[402,13,402,33,0,0,0,0,4],[406,11,406,31,0,0,0,0,4],[412,21,412,35,0,0,0,0,4],[413,13,413,32,0,0,0,0,4],[414,17,414,30,0,0,0,0,4],[422,9,422,29,0,0,0,0,4],[122,21,122,43,0,0,0,0,4],[163,21,163,46,0,0,0,0,4],[168,21,168,52,0,0,0,0,4],[173,25,173,49,0,0,0,0,4],[181,21,181,52,0,0,0,0,4],[201,29,201,58,0,0,0,0,4],[202,29,202,58,0,0,0,0,4],[207,29,207,58,0,0,0,0,4],[208,29,208,58,0,0,0,0,4],[209,29,209,58,0,0,0,0,4],[210,29,210,58,0,0,0,0,4],[216,29,216,58,0,0,0,0,4],[217,29,217,58,0,0,0,0,4],[223,25,223,54,0,0,0,0,4],[224,25,224,54,0,0,0,0,4],[228,25,228,54,0,0,0,0,4],[229,25,229,54,0,0,0,0,4],[230,25,230,54,0,0,0,0,4],[231,25,231,54,0,0,0,0,4],[235,25,235,54,0,0,0,0,4],[236,25,236,54,0,0,0,0,4]],"expansions":[],"filename":"/Volumes/D/Faculta/A1S2/OOP/labs/lab8-9/magazin/ui.cpp","segments":[[22,58,0,true,true,false],[25,9,0,true,true,false],[25,11,0,true,true,false],[25,29,0,true,false,false],[25,33,0,true,true,false],[25,51,0,true,false,false],[25,54,0,true,true,false],[27,6,0,true,false,true],[27,12,0,true,true,false],[27,16,0,true,true,false],[27,34,0,true,false,false],[27,36,0,true,true,false],[43,6,0,true,false,true],[43,12,0,true,true,false],[49,6,0,true,false,true],[50,5,0,true,true,false],[50,9,0,true,true,false],[50,22,0,true,false,false],[50,24,0,true,true,false],[50,44,0,true,false,false],[51,10,0,true,true,false],[53,6,0,true,false,true],[54,5,0,true,true,false],[54,9,0,true,true,false],[54,24,0,true,false,false],[54,26,0,true,true,false],[54,50,0,true,false,false],[55,10,0,true,true,false],[57,6,0,true,false,true],[58,5,0,true,true,false],[59,2,0,false,false,false],[61,60,0,true,true,false],[64,9,0,true,true,false],[64,11,0,true,true,false],[64,29,0,true,false,false],[64,33,0,true,true,false],[64,51,0,true,false,false],[64,54,0,true,true,false],[66,6,0,true,false,true],[66,12,0,true,true,false],[66,16,0,true,true,false],[66,34,0,true,false,false],[66,36,0,true,true,false],[76,6,0,true,false,true],[76,12,0,true,true,false],[80,6,0,true,false,true],[81,5,0,true,true,false],[82,9,0,true,true,false],[82,62,0,true,false,false],[82,64,0,true,true,false],[83,46,0,true,false,true],[84,9,0,true,true,false],[84,15,0,true,false,false],[86,5,0,true,true,false],[86,9,0,true,true,false],[86,22,0,true,false,false],[86,24,0,true,true,false],[86,44,0,true,false,false],[87,10,0,true,true,false],[89,6,0,true,false,true],[90,5,0,true,true,false],[90,9,0,true,true,false],[90,20,0,true,false,false],[90,24,0,true,true,false],[90,42,0,true,false,false],[90,44,0,true,true,false],[90,71,0,true,false,false],[91,10,0,true,true,false],[91,14,0,true,true,false],[91,25,0,true,false,false],[91,27,0,true,true,false],[93,6,0,true,false,true],[94,5,0,true,true,false],[95,2,0,false,false,false],[97,58,0,true,true,false],[100,9,0,true,true,false],[100,11,0,true,true,false],[100,29,0,true,false,false],[100,33,0,true,true,false],[100,51,0,true,false,false],[100,54,0,true,true,false],[102,6,0,true,false,true],[102,12,0,true,true,false],[102,16,0,true,true,false],[102,34,0,true,false,false],[102,36,0,true,true,false],[106,6,0,true,false,true],[106,12,0,true,true,false],[106,16,0,true,true,false],[106,34,0,true,false,false],[106,36,0,true,true,false],[108,6,0,true,false,true],[109,5,0,true,true,false],[109,9,0,true,true,false],[109,22,0,true,false,false],[109,24,0,true,true,false],[109,44,0,true,false,false],[110,10,0,true,true,false],[112,6,0,true,false,false],[114,2,0,false,false,false],[116,58,0,true,true,false],[119,33,0,true,false,true],[119,34,0,true,true,false],[120,12,0,true,true,false],[120,30,0,true,false,false],[120,32,0,true,true,false],[121,96,0,true,true,false],[122,21,0,true,true,false],[122,43,0,true,false,false],[122,45,0,true,true,false],[122,56,0,true,false,false],[123,17,0,true,true,false],[123,29,0,true,false,false],[126,41,0,true,true,false],[129,14,0,true,false,false],[133,2,0,false,false,false],[135,17,0,true,true,false],[137,2,0,false,false,false],[141,65,0,true,true,false],[143,9,0,true,true,false],[143,27,0,true,false,false],[143,31,0,true,true,false],[143,47,0,true,false,false],[143,49,0,true,true,false],[144,91,0,true,true,false],[146,10,0,true,false,false],[147,38,0,true,true,false],[150,10,0,true,false,false],[151,12,0,true,true,false],[151,16,0,true,true,false],[151,34,0,true,false,false],[151,38,0,true,true,false],[151,58,0,true,false,false],[151,60,0,true,true,false],[156,6,0,true,false,true],[156,12,0,true,true,false],[156,16,0,true,true,false],[156,34,0,true,false,false],[156,38,0,true,true,false],[156,96,0,true,false,false],[156,98,0,true,true,false],[158,6,0,true,false,true],[158,12,0,true,true,false],[158,16,0,true,true,false],[158,34,0,true,false,false],[158,36,0,true,true,false],[160,1,0,false,true,false],[160,39,0,true,false,false],[161,13,0,true,true,false],[161,29,0,true,false,false],[162,13,0,true,true,false],[162,76,0,true,true,false],[163,21,0,true,true,false],[163,46,0,true,false,false],[163,48,0,true,true,false],[163,59,0,true,false,false],[164,17,0,true,true,false],[164,29,0,true,false,false],[166,13,0,true,true,false],[166,29,0,true,false,false],[167,13,0,true,true,false],[167,76,0,true,true,false],[168,21,0,true,true,false],[168,52,0,true,false,false],[168,54,0,true,true,false],[168,65,0,true,false,false],[169,17,0,true,true,false],[169,29,0,true,false,false],[171,13,0,true,true,false],[171,29,0,true,false,false],[172,13,0,true,true,false],[172,76,0,true,true,false],[173,25,0,true,true,false],[173,49,0,true,false,false],[173,51,0,true,true,false],[173,62,0,true,false,false],[174,21,0,true,true,false],[174,33,0,true,false,false],[176,13,0,true,true,false],[176,29,0,true,false,false],[176,31,0,true,true,false],[177,17,0,true,true,false],[177,38,0,true,false,false],[177,40,0,true,true,false],[179,14,0,true,false,true],[180,13,0,true,true,false],[180,76,0,true,true,false],[181,21,0,true,true,false],[181,52,0,true,false,false],[181,54,0,true,true,false],[181,65,0,true,false,false],[182,17,0,true,true,false],[182,29,0,true,false,false],[185,9,0,true,true,false],[185,37,0,true,false,true],[185,38,0,true,true,false],[188,10,0,true,false,false],[189,12,0,true,true,false],[191,6,0,true,false,false],[192,2,0,false,false,false],[195,61,0,true,true,false],[196,9,0,true,true,false],[196,27,0,true,false,false],[196,29,0,true,true,false],[197,13,0,true,true,false],[197,29,0,true,false,false],[197,33,0,true,true,false],[197,49,0,true,false,false],[197,51,0,true,true,false],[199,17,0,true,true,false],[199,33,0,true,false,false],[199,35,0,true,true,false],[200,21,0,true,true,false],[200,37,0,true,false,false],[200,39,0,true,true,false],[200,118,0,true,true,false],[201,29,0,true,true,false],[201,58,0,true,false,false],[201,60,0,true,true,false],[201,69,0,true,false,false],[202,25,0,true,true,false],[202,29,0,true,true,false],[202,58,0,true,false,false],[202,60,0,true,true,false],[202,68,0,true,false,false],[203,25,0,true,true,false],[203,33,0,true,false,false],[205,21,0,true,true,false],[205,39,0,true,false,false],[205,41,0,true,true,false],[206,100,0,true,true,false],[207,29,0,true,true,false],[207,58,0,true,false,false],[207,60,0,true,true,false],[207,69,0,true,false,false],[208,25,0,true,true,false],[208,29,0,true,true,false],[208,58,0,true,false,false],[208,60,0,true,true,false],[208,68,0,true,false,false],[209,25,0,true,true,false],[209,29,0,true,true,false],[209,58,0,true,false,false],[209,60,0,true,true,false],[209,69,0,true,false,false],[210,25,0,true,true,false],[210,29,0,true,true,false],[210,58,0,true,false,false],[210,60,0,true,true,false],[210,68,0,true,false,false],[211,25,0,true,true,false],[211,33,0,true,false,false],[214,21,0,true,true,false],[214,37,0,true,false,false],[214,39,0,true,true,false],[215,100,0,true,true,false],[216,29,0,true,true,false],[216,58,0,true,false,false],[216,60,0,true,true,false],[216,69,0,true,false,false],[217,25,0,true,true,false],[217,29,0,true,true,false],[217,58,0,true,false,false],[217,60,0,true,true,false],[217,68,0,true,false,false],[218,25,0,true,true,false],[218,33,0,true,false,false],[221,20,0,true,true,false],[221,24,0,true,true,false],[221,40,0,true,false,false],[221,42,0,true,true,false],[222,21,0,true,true,false],[222,37,0,true,false,false],[222,39,0,true,true,false],[222,117,0,true,true,false],[223,25,0,true,true,false],[223,54,0,true,false,false],[223,56,0,true,true,false],[223,65,0,true,false,false],[224,21,0,true,true,false],[224,25,0,true,true,false],[224,54,0,true,false,false],[224,56,0,true,true,false],[224,64,0,true,false,false],[225,21,0,true,true,false],[225,29,0,true,false,false],[227,21,0,true,true,false],[227,39,0,true,false,false],[227,41,0,true,true,false],[227,119,0,true,true,false],[228,25,0,true,true,false],[228,54,0,true,false,false],[228,56,0,true,true,false],[228,64,0,true,false,false],[229,21,0,true,true,false],[229,25,0,true,true,false],[229,54,0,true,false,false],[229,56,0,true,true,false],[229,65,0,true,false,false],[230,21,0,true,true,false],[230,25,0,true,true,false],[230,54,0,true,false,false],[230,56,0,true,true,false],[230,64,0,true,false,false],[231,21,0,true,true,false],[231,25,0,true,true,false],[231,54,0,true,false,false],[231,56,0,true,true,false],[231,65,0,true,false,false],[232,21,0,true,true,false],[232,29,0,true,false,false],[234,21,0,true,true,false],[234,37,0,true,false,false],[234,39,0,true,true,false],[234,117,0,true,true,false],[235,25,0,true,true,false],[235,54,0,true,false,false],[235,56,0,true,true,false],[235,65,0,true,false,false],[236,21,0,true,true,false],[236,25,0,true,true,false],[236,54,0,true,false,false],[236,56,0,true,true,false],[236,64,0,true,false,false],[237,21,0,true,true,false],[237,29,0,true,false,false],[240,40,0,true,true,false],[243,14,0,true,false,false],[244,16,0,true,true,false],[246,10,0,true,false,false],[247,12,0,true,true,false],[249,6,0,true,false,false],[250,2,0,false,false,false],[252,65,0,true,true,false],[253,9,0,true,true,false],[253,27,0,true,false,false],[253,29,0,true,true,false],[255,6,0,true,false,true],[256,5,0,true,true,false],[256,9,0,true,true,false],[256,30,0,true,false,false],[256,32,0,true,true,false],[258,6,0,true,false,true],[259,5,0,true,true,false],[261,2,0,false,false,false],[264,65,0,true,true,false],[265,9,0,true,true,false],[265,27,0,true,false,false],[265,29,0,true,true,false],[267,6,0,true,false,true],[268,5,0,true,true,false],[268,9,0,true,true,false],[268,30,0,true,false,false],[268,32,0,true,true,false],[270,6,0,true,false,true],[271,5,0,true,true,false],[272,2,0,false,false,false],[274,69,0,true,true,false],[275,9,0,true,true,false],[275,27,0,true,false,false],[275,29,0,true,true,false],[277,6,0,true,false,true],[278,5,0,true,true,false],[279,1,0,false,true,false],[279,1,0,true,false,false],[280,24,0,true,true,false],[284,6,0,true,false,false],[286,2,0,false,false,false],[288,54,0,true,true,false],[289,9,0,true,true,false],[289,27,0,true,false,false],[289,29,0,true,true,false],[291,6,0,true,false,true],[292,5,0,true,true,false],[293,2,0,false,false,false],[295,55,0,true,true,false],[296,9,0,true,true,false],[296,27,0,true,false,false],[296,29,0,true,true,false],[298,6,0,true,false,true],[299,5,0,true,true,false],[299,9,0,true,true,false],[299,30,0,true,false,false],[299,32,0,true,true,false],[301,6,0,true,false,true],[302,5,0,true,true,false],[302,85,0,true,true,false],[302,99,0,true,false,false],[306,12,0,true,true,false],[306,25,0,true,false,false],[306,27,0,true,true,false],[309,6,0,true,false,false],[310,2,0,false,false,false],[312,55,0,true,true,false],[313,9,0,true,true,false],[313,27,0,true,false,false],[313,29,0,true,true,false],[315,6,0,true,false,true],[316,5,0,true,true,false],[318,2,0,false,false,false],[320,13,0,true,true,false],[329,2,0,false,false,false],[332,16,0,true,true,false],[334,1,0,false,true,false],[334,60,0,true,false,false],[338,1,0,false,true,false],[338,1,0,true,false,false],[339,12,0,true,true,false],[339,32,0,true,false,false],[339,34,0,true,true,false],[343,13,0,true,true,false],[343,33,0,true,false,false],[343,35,0,true,true,false],[343,43,0,true,false,false],[344,14,0,true,true,false],[344,18,0,true,true,false],[344,38,0,true,false,false],[344,40,0,true,true,false],[347,10,0,true,false,true],[348,9,0,true,true,false],[349,13,0,true,true,false],[349,31,0,true,false,false],[349,33,0,true,true,false],[349,41,0,true,false,false],[350,14,0,true,true,false],[350,18,0,true,true,false],[350,77,0,true,false,false],[350,79,0,true,true,false],[353,10,0,true,false,true],[354,9,0,true,true,false],[354,13,0,true,true,false],[355,17,0,true,true,false],[355,34,0,true,false,false],[355,36,0,true,true,false],[357,14,0,true,false,true],[357,20,0,true,true,false],[357,24,0,true,true,false],[357,41,0,true,false,false],[357,43,0,true,true,false],[359,14,0,true,false,true],[359,20,0,true,true,false],[359,24,0,true,true,false],[359,41,0,true,false,false],[359,43,0,true,true,false],[361,14,0,true,false,true],[361,20,0,true,true,false],[361,24,0,true,true,false],[361,42,0,true,false,false],[361,44,0,true,true,false],[363,14,0,true,false,true],[363,20,0,true,true,false],[363,24,0,true,true,false],[363,42,0,true,false,false],[363,44,0,true,true,false],[365,14,0,true,false,true],[365,20,0,true,true,false],[365,24,0,true,true,false],[365,45,0,true,false,false],[365,47,0,true,true,false],[367,14,0,true,false,true],[367,20,0,true,true,false],[367,24,0,true,true,false],[367,45,0,true,false,false],[367,47,0,true,true,false],[369,14,0,true,false,true],[369,20,0,true,true,false],[369,24,0,true,true,false],[369,46,0,true,false,false],[369,48,0,true,true,false],[371,14,0,true,false,true],[371,20,0,true,true,false],[371,24,0,true,true,false],[371,47,0,true,false,false],[371,49,0,true,true,false],[373,14,0,true,false,true],[373,20,0,true,true,false],[373,24,0,true,true,false],[373,48,0,true,false,false],[373,50,0,true,true,false],[375,14,0,true,false,true],[375,20,0,true,true,false],[375,24,0,true,true,false],[375,48,0,true,false,false],[375,50,0,true,true,false],[377,14,0,true,false,true],[377,20,0,true,true,false],[377,24,0,true,true,false],[377,45,0,true,false,false],[377,47,0,true,true,false],[379,14,0,true,false,true],[379,20,0,true,true,false],[379,24,0,true,true,false],[379,42,0,true,false,false],[379,44,0,true,true,false],[381,14,0,true,false,false],[382,38,0,true,true,false],[384,10,0,true,false,false],[386,2,0,false,false,false],[389,30,0,true,true,false],[390,9,0,true,true,false],[390,26,0,true,false,false],[390,28,0,true,true,false],[392,6,0,true,false,true],[393,1,0,false,true,false],[393,1,0,true,false,true],[394,5,0,true,true,false],[396,12,0,true,true,false],[396,35,0,true,false,false],[396,37,0,true,true,false],[398,13,0,true,true,false],[398,34,0,true,false,false],[398,36,0,true,true,false],[398,41,0,true,false,false],[400,12,0,true,true,false],[400,33,0,true,false,false],[400,35,0,true,true,false],[402,13,0,true,true,false],[402,33,0,true,false,false],[402,35,0,true,true,false],[402,40,0,true,false,false],[406,11,0,true,true,false],[406,31,0,true,false,false],[406,34,0,true,true,false],[406,70,0,true,false,false],[406,73,0,true,true,false],[406,75,0,true,false,false],[407,2,0,false,false,false],[409,72,0,true,true,false],[412,21,0,true,true,false],[412,35,0,true,false,false],[412,37,0,true,true,false],[412,40,0,true,false,false],[412,42,0,true,true,false],[413,13,0,true,true,false],[413,32,0,true,false,false],[413,34,0,true,true,false],[414,17,0,true,true,false],[414,30,0,true,false,false],[414,32,0,true,true,false],[417,14,0,true,false,false],[420,9,0,true,true,false],[421,6,0,true,false,false],[422,9,0,true,true,false],[422,29,0,true,false,false],[423,9,0,true,true,false],[423,34,0,true,false,false],[425,2,0,false,false,false],[427,37,0,true,true,false],[429,2,0,false,false,false]],"summary":{"branches":{"count":214,"covered":0,"notcovered":214,"percent":0},"functions":{"count":31,"covered":0,"percent":0},"instantiations":{"count":31,"covered":0,"percent":0},"lines":{"count":438,"covered":0,"percent":0},"regions":{"count":320,"covered":0,"notcovered":320,"percent":0}}},{"branches":[],"expansions":[],"filename":"/Volumes/D/Faculta/A1S2/OOP/labs/lab8-9/magazin/ui.h","segments":[[14,36,0,true,true,false],[15,1,0,false,true,false],[15,1,0,true,false,false],[16,6,0,false,false,false]],"summary":{"branches":{"count":0,"covered":0,"notcovered":0,"percent":0},"functions":{"count":1,"covered":0,"percent":0},"instantiations":{"count":1,"covered":0,"percent":0},"lines":{"count":2,"covered":0,"percent":0},"regions":{"count":1,"covered":0,"notcovered":1,"percent":0}}},{"branches":[[9,8,9,15,4,39,0,0,4],[16,9,16,25,1,38,0,0,4],[23,9,23,24,1,36,0,0,4],[30,8,30,17,0,37,0,0,4],[38,9,38,31,1,37,0,0,4],[47,8,47,42,0,43,0,0,4],[48,8,48,46,0,43,0,0,4],[49,8,49,58,0,43,0,0,4],[50,8,50,46,0,43,0,0,4],[51,8,51,44,0,43,0,0,4],[52,8,52,18,0,43,0,0,4]],"expansions":[],"filename":"/Volumes/D/Faculta/A1S2/OOP/labs/lab8-9/magazin/validation.cpp","segments":[[8,52,43,true,true,false],[9,8,43,true,true,false],[9,15,43,true,false,false],[9,16,4,true,false,true],[9,17,4,true,true,false],[11,6,39,true,false,true],[12,5,39,true,true,false],[12,16,43,true,false,false],[13,2,0,false,false,false],[15,64,39,true,true,false],[16,9,39,true,true,false],[16,25,39,true,false,false],[16,26,1,true,false,true],[16,27,1,true,true,false],[18,6,38,true,false,true],[19,5,38,true,true,false],[19,16,39,true,false,false],[20,2,0,false,false,false],[22,62,37,true,true,false],[23,9,37,true,true,false],[23,24,37,true,false,false],[23,25,1,true,false,true],[23,26,1,true,true,false],[25,6,36,true,false,true],[26,5,36,true,true,false],[26,16,37,true,false,false],[27,2,0,false,false,false],[29,56,37,true,true,false],[30,8,37,true,true,false],[30,17,37,true,false,false],[30,18,0,true,false,true],[30,19,0,true,true,false],[31,84,0,true,false,true],[32,9,0,true,true,false],[32,21,0,true,false,false],[33,6,37,true,false,true],[34,5,37,true,true,false],[34,16,37,true,false,false],[35,2,0,false,false,false],[37,76,38,true,true,false],[38,9,38,true,true,false],[38,31,38,true,false,false],[38,32,1,true,false,true],[38,33,1,true,true,false],[39,86,0,true,false,true],[40,9,0,true,true,false],[40,21,1,true,false,false],[41,6,37,true,false,true],[42,5,37,true,true,false],[42,16,38,true,false,false],[43,2,0,false,false,false],[45,63,43,true,true,false],[47,8,43,true,true,false],[47,42,43,true,false,false],[47,43,0,true,false,true],[47,44,0,true,true,false],[47,51,43,true,false,false],[48,8,43,true,true,false],[48,46,43,true,false,false],[48,47,0,true,false,true],[48,48,0,true,true,false],[48,55,43,true,false,false],[49,8,43,true,true,false],[49,58,43,true,false,false],[49,59,0,true,false,true],[49,60,0,true,true,false],[49,67,43,true,false,false],[50,8,43,true,true,false],[50,46,43,true,false,false],[50,47,0,true,false,true],[50,48,0,true,true,false],[50,55,43,true,false,false],[51,8,43,true,true,false],[51,44,43,true,false,false],[51,45,0,true,false,true],[51,46,0,true,true,false],[51,53,43,true,false,false],[52,8,43,true,true,false],[52,18,43,true,false,false],[52,19,0,true,false,true],[52,20,0,true,true,false],[52,32,43,true,false,false],[53,5,43,true,true,false],[53,16,43,true,false,false],[54,2,0,false,false,false]],"summary":{"branches":{"count":22,"covered":15,"notcovered":7,"percent":68.181818181818173},"functions":{"count":6,"covered":6,"percent":100},"instantiations":{"count":6,"covered":6,"percent":100},"lines":{"count":42,"covered":38,"percent":90.476190476190482},"regions":{"count":36,"covered":27,"notcovered":9,"percent":75}}}],"functions":[{"branches":[],"count":0,"filenames":["/Volumes/D/Faculta/A1S2/OOP/labs/lab8-9/magazin/main.cpp"],"name":"_Z5startv","regions":[[8,14,15,2,0,0,0,0]]},{"branches":[],"count":1,"filenames":["/Volumes/D/Faculta/A1S2/OOP/labs/lab8-9/magazin/main.cpp"],"name":"main","regions":[[17,12,21,2,1,0,0,0],[20,1,20,15,0,0,0,2]]},{"branches":[],"count":3,"filenames":["/Volumes/D/Faculta/A1S2/OOP/labs/lab8-9/magazin/repo.h"],"name":"_ZN15ProduseRepoFileC2ENSt3__112basic_stringIcNS0_11char_traitsIcEENS0_9allocatorIcEEEE","regions":[[158,77,160,6,3,0,0,0]]},{"branches":[],"count":3,"filenames":["/Volumes/D/Faculta/A1S2/OOP/labs/lab8-9/magazin/repo.h"],"name":"_ZN11ProduseRepoC2Ev","regions":[[73,27,73,28,3,0,0,0]]},{"branches":[[122,15,122,33,12,3,0,0,4],[126,19,126,51,0,12,0,0,4],[127,21,127,29,0,0,0,0,4],[128,21,128,29,0,0,0,0,4],[129,21,129,29,0,0,0,0,4],[130,21,130,29,0,0,0,0,4],[131,21,131,29,0,0,0,0,4]],"count":3,"filenames":["/Volumes/D/Faculta/A1S2/OOP/labs/lab8-9/magazin/repo.h"],"name":"_ZN15ProduseRepoFile14load_from_fileEv","regions":[[114,27,142,6,3,0,0,0],[117,1,117,1,0,0,0,2],[121,1,121,1,0,0,0,2],[122,15,122,33,15,0,0,0],[122,34,122,35,12,0,0,3],[122,35,139,10,12,0,0,0],[125,1,125,1,0,0,0,2],[126,19,126,51,12,0,0,0],[126,52,126,53,0,0,0,3],[126,53,133,14,0,0,0,0],[127,21,127,29,0,0,0,0],[127,30,127,31,0,0,0,3],[127,31,127,54,0,0,0,0],[128,21,128,29,0,0,0,0],[128,30,128,31,0,0,0,3],[128,31,128,49,0,0,0,0],[129,21,129,29,0,0,0,0],[129,30,129,31,0,0,0,3],[129,31,129,44,0,0,0,0],[130,21,130,29,0,0,0,0],[130,30,130,31,0,0,0,3],[130,31,130,56,0,0,0,0],[131,21,131,29,0,0,0,0],[131,30,131,31,0,0,0,3],[131,31,131,51,0,0,0,0],[135,17,137,14,12,0,0,0],[137,36,138,14,11,0,0,0],[140,1,140,1,0,0,0,2],[141,9,142,6,3,0,0,0]]},{"branches":[],"count":58,"filenames":["/Volumes/D/Faculta/A1S2/OOP/labs/lab8-9/magazin/domain.h"],"name":"_ZN6ProdusC2ERKiRKNSt3__112basic_stringIcNS2_11char_traitsIcEENS2_9allocatorIcEEEESA_S1_SA_","regions":[[25,76,29,6,58,0,0,0],[26,1,28,11,0,0,0,2]]},{"branches":[],"count":218,"filenames":["/Volumes/D/Faculta/A1S2/OOP/labs/lab8-9/magazin/domain.h"],"name":"_ZN6ProdusD2Ev","regions":[[52,15,54,6,218,0,0,0],[53,1,53,37,0,0,0,2]]},{"branches":[],"count":3,"filenames":["/Volumes/D/Faculta/A1S2/OOP/labs/lab8-9/magazin/cos_cumparaturi.h"],"name":"_ZN14CosCumparaturiC2ER11ProduseRepo","regions":[[25,36,27,6,3,0,0,0]]},{"branches":[],"count":3,"filenames":["/Volumes/D/Faculta/A1S2/OOP/labs/lab8-9/magazin/service.h"],"name":"_ZN14ServiceProduseC2ER15ProduseRepoFileR10ValidationR14CosCumparaturi","regions":[[28,110,29,6,3,0,0,0]]},{"branches":[],"count":0,"filenames":["/Volumes/D/Faculta/A1S2/OOP/labs/lab8-9/magazin/ui.h"],"name":"_ZN2UIC2ER14ServiceProduse","regions":[[14,36,16,6,0,0,0,0],[15,1,15,1,0,0,0,2]]},{"branches":[],"count":0,"filenames":["/Volumes/D/Faculta/A1S2/OOP/labs/lab8-9/magazin/domain.h"],"name":"_ZN6ProdusC2Ev","regions":[[21,59,22,6,0,0,0,0]]},{"branches":[[32,13,32,27,160,0,0,0,4]],"count":160,"filenames":["/Volumes/D/Faculta/A1S2/OOP/labs/lab8-9/magazin/domain.h"],"name":"_ZN6ProdusC2ERKS_","regions":[[31,34,39,6,160,0,0,0],[32,13,32,27,160,0,0,0],[32,28,32,29,160,0,0,3],[32,29,38,10,160,0,0,0]]},{"branches":[[42,13,42,27,63,0,0,0,4]],"count":63,"filenames":["/Volumes/D/Faculta/A1S2/OOP/labs/lab8-9/magazin/domain.h"],"name":"_ZN6ProdusaSERKS_","regions":[[41,44,50,6,63,0,0,0],[42,13,42,27,63,0,0,0],[42,28,42,29,63,0,0,3],[42,29,48,10,63,0,0,0]]},{"branches":[],"count":1398,"filenames":["/Volumes/D/Faculta/A1S2/OOP/labs/lab8-9/magazin/domain.h"],"name":"_ZNK6Produs6get_idEv","regions":[[60,24,62,6,1398,0,0,0]]},{"branches":[],"count":523,"filenames":["/Volumes/D/Faculta/A1S2/OOP/labs/lab8-9/magazin/domain.h"],"name":"_ZNK6Produs8get_numeEv","regions":[[68,34,70,6,523,0,0,0]]},{"branches":[],"count":384,"filenames":["/Volumes/D/Faculta/A1S2/OOP/labs/lab8-9/magazin/domain.h"],"name":"_ZNK6Produs7get_tipEv","regions":[[76,33,78,6,384,0,0,0]]},{"branches":[],"count":378,"filenames":["/Volumes/D/Faculta/A1S2/OOP/labs/lab8-9/magazin/domain.h"],"name":"_ZNK6Produs8get_pretEv","regions":[[84,26,86,6,378,0,0,0]]},{"branches":[],"count":347,"filenames":["/Volumes/D/Faculta/A1S2/OOP/labs/lab8-9/magazin/domain.h"],"name":"_ZNK6Produs14get_producatorEv","regions":[[92,40,94,6,347,0,0,0]]},{"branches":[],"count":27,"filenames":["/Volumes/D/Faculta/A1S2/OOP/labs/lab8-9/magazin/exception.h"],"name":"_ZN9ExceptionC2ERKNSt3__112basic_stringIcNS0_11char_traitsIcEENS0_9allocatorIcEEEE","regions":[[12,53,12,55,27,0,0,0]]},{"branches":[],"count":0,"filenames":["/Volumes/D/Faculta/A1S2/OOP/labs/lab8-9/magazin/exception.h"],"name":"_ZNK9Exception4whatEv","regions":[[14,48,16,6,0,0,0,0]]},{"branches":[[66,25,66,49,34,1,0,0,4],[67,17,67,55,7,27,0,0,4]],"count":8,"filenames":["/Volumes/D/Faculta/A1S2/OOP/labs/lab8-9/magazin/repo.h"],"name":"_ZNK11ProduseRepo19pozitia_elementuluiERKi","regions":[[65,57,70,6,8,0,0,0],[66,25,66,49,35,0,0,0],[66,51,66,54,27,0,0,0],[66,55,67,13,34,0,0,3],[67,13,68,25,34,0,0,0],[67,17,67,55,34,0,0,0],[67,56,68,17,7,0,0,3],[68,17,68,25,7,0,0,0],[68,26,69,9,1,0,0,3],[69,9,69,18,1,0,0,0]]},{"branches":[[146,12,146,27,0,44,0,0,4],[149,24,149,25,294,44,0,0,4]],"count":44,"filenames":["/Volumes/D/Faculta/A1S2/OOP/labs/lab8-9/magazin/repo.h"],"name":"_ZN15ProduseRepoFile12save_to_fileEv","regions":[[144,25,154,6,44,0,0,0],[146,12,146,27,44,0,0,0],[146,28,146,29,0,0,0,3],[146,29,148,10,0,0,0,0],[148,10,149,9,44,0,0,3],[149,9,154,6,44,0,0,0],[149,33,149,34,294,0,0,3],[149,34,152,10,294,0,0,0],[150,1,150,25,0,0,0,2]]},{"branches":[],"count":35,"filenames":["/Volumes/D/Faculta/A1S2/OOP/labs/lab8-9/magazin/actiune_undo.h"],"name":"_ZN10UndoAdaugaC2ER13RepoInterfacei","regions":[[21,65,21,67,35,0,0,0]]},{"branches":[],"count":0,"filenames":["/Volumes/D/Faculta/A1S2/OOP/labs/lab8-9/magazin/actiune_undo.h"],"name":"_ZN10UndoAdauga6doUndoEv","regions":[[22,28,24,6,0,0,0,0]]},{"branches":[],"count":3,"filenames":["/Volumes/D/Faculta/A1S2/OOP/labs/lab8-9/magazin/actiune_undo.h"],"name":"_ZN10UndoStergeC2ER13RepoInterface6Produs","regions":[[31,84,31,86,3,0,0,0]]},{"branches":[],"count":2,"filenames":["/Volumes/D/Faculta/A1S2/OOP/labs/lab8-9/magazin/actiune_undo.h"],"name":"_ZN10UndoSterge6doUndoEv","regions":[[32,28,34,6,2,0,0,0]]},{"branches":[],"count":4,"filenames":["/Volumes/D/Faculta/A1S2/OOP/labs/lab8-9/magazin/actiune_undo.h"],"name":"_ZN12UndoModificaC2ER13RepoInterface6Produs","regions":[[41,92,41,94,4,0,0,0]]},{"branches":[],"count":0,"filenames":["/Volumes/D/Faculta/A1S2/OOP/labs/lab8-9/magazin/actiune_undo.h"],"name":"_ZN12UndoModifica6doUndoEv","regions":[[42,28,44,6,0,0,0,0]]},{"branches":[[18,25,18,39,11,0,0,0,4],[19,17,19,29,1,10,0,0,4]],"count":1,"filenames":["/Volumes/D/Faculta/A1S2/OOP/labs/lab8-9/magazin/cos_cumparaturi.h"],"name":"_ZNK14CosCumparaturi19pozitia_elementuluiEi","regions":[[17,54,22,6,1,0,0,0],[18,25,18,39,11,0,0,0],[18,41,18,44,10,0,0,0],[18,45,18,46,11,0,0,3],[18,46,20,10,11,0,0,0],[19,17,19,29,11,0,0,0],[19,30,19,31,1,0,0,3],[19,31,19,39,1,0,0,0],[20,10,21,9,0,0,0,3],[21,9,21,18,0,0,0,0]]},{"branches":[[25,11,25,29,0,0,0,0,4],[25,33,25,51,0,0,0,0,4],[27,16,27,34,0,0,0,0,4],[50,9,50,22,0,0,0,0,4],[54,9,54,24,0,0,0,0,4]],"count":0,"filenames":["/Volumes/D/Faculta/A1S2/OOP/labs/lab8-9/magazin/ui.cpp"],"name":"_ZN2UI13adauga_produsERNSt3__16vectorINS0_12basic_stringIcNS0_11char_traitsIcEENS0_9allocatorIcEEEENS5_IS7_EEEE","regions":[[22,58,59,2,0,0,0,0],[25,9,25,52,0,0,0,0],[25,11,25,29,0,0,0,0],[25,33,25,51,0,0,0,0],[25,53,25,54,0,0,0,3],[25,54,27,6,0,0,0,0],[27,6,27,12,0,0,0,3],[27,12,49,6,0,0,0,0],[27,16,27,34,0,0,0,0],[27,35,27,36,0,0,0,3],[27,36,43,6,0,0,0,0],[43,6,43,12,0,0,0,3],[43,12,49,6,0,0,0,0],[49,6,50,5,0,0,0,3],[50,5,59,2,0,0,0,0],[50,9,50,22,0,0,0,0],[50,23,50,24,0,0,0,3],[50,24,50,44,0,0,0,0],[50,45,51,10,0,0,0,3],[51,10,53,6,0,0,0,0],[53,6,54,5,0,0,0,3],[54,5,59,2,0,0,0,0],[54,9,54,24,0,0,0,0],[54,25,54,26,0,0,0,3],[54,26,54,50,0,0,0,0],[54,51,55,10,0,0,0,3],[55,10,57,6,0,0,0,0],[57,6,58,5,0,0,0,3],[58,5,59,2,0,0,0,0]]},{"branches":[[64,11,64,29,0,0,0,0,4],[64,33,64,51,0,0,0,0,4],[66,16,66,34,0,0,0,0,4],[82,9,82,62,0,0,0,0,4],[86,9,86,22,0,0,0,0,4],[90,9,90,20,0,0,0,0,4],[90,24,90,42,0,0,0,0,4],[91,14,91,25,0,0,0,0,4]],"count":0,"filenames":["/Volumes/D/Faculta/A1S2/OOP/labs/lab8-9/magazin/ui.cpp"],"name":"_ZN2UI15modifica_produsERNSt3__16vectorINS0_12basic_stringIcNS0_11char_traitsIcEENS0_9allocatorIcEEEENS5_IS7_EEEE","regions":[[61,60,95,2,0,0,0,0],[64,9,64,52,0,0,0,0],[64,11,64,29,0,0,0,0],[64,33,64,51,0,0,0,0],[64,53,64,54,0,0,0,3],[64,54,66,6,0,0,0,0],[66,6,66,12,0,0,0,3],[66,12,80,6,0,0,0,0],[66,16,66,34,0,0,0,0],[66,35,66,36,0,0,0,3],[66,36,76,6,0,0,0,0],[76,6,76,12,0,0,0,3],[76,12,80,6,0,0,0,0],[80,6,81,5,0,0,0,3],[81,5,95,2,0,0,0,0],[82,9,82,62,0,0,0,0],[82,63,82,64,0,0,0,3],[82,64,85,6,0,0,0,0],[83,46,84,9,0,0,0,3],[84,9,84,15,0,0,0,0],[85,6,86,5,0,0,0,3],[86,5,95,2,0,0,0,0],[86,9,86,22,0,0,0,0],[86,23,86,24,0,0,0,3],[86,24,86,44,0,0,0,0],[86,45,87,10,0,0,0,3],[87,10,89,6,0,0,0,0],[89,6,90,5,0,0,0,3],[90,5,95,2,0,0,0,0],[90,9,90,20,0,0,0,0],[90,9,90,42,0,0,0,0],[90,24,90,42,0,0,0,0],[90,43,90,44,0,0,0,3],[90,44,90,71,0,0,0,0],[90,72,91,10,0,0,0,3],[91,10,93,6,0,0,0,0],[91,14,91,25,0,0,0,0],[91,26,91,27,0,0,0,3],[91,27,93,6,0,0,0,0],[93,6,94,5,0,0,0,3],[94,5,95,2,0,0,0,0]]},{"branches":[[100,11,100,29,0,0,0,0,4],[100,33,100,51,0,0,0,0,4],[102,16,102,34,0,0,0,0,4],[106,16,106,34,0,0,0,0,4],[109,9,109,22,0,0,0,0,4]],"count":0,"filenames":["/Volumes/D/Faculta/A1S2/OOP/labs/lab8-9/magazin/ui.cpp"],"name":"_ZN2UI13sterge_produsERNSt3__16vectorINS0_12basic_stringIcNS0_11char_traitsIcEENS0_9allocatorIcEEEENS5_IS7_EEEE","regions":[[97,58,114,2,0,0,0,0],[100,9,100,52,0,0,0,0],[100,11,100,29,0,0,0,0],[100,33,100,51,0,0,0,0],[100,53,100,54,0,0,0,3],[100,54,102,6,0,0,0,0],[102,6,102,12,0,0,0,3],[102,12,108,6,0,0,0,0],[102,16,102,34,0,0,0,0],[102,35,102,36,0,0,0,3],[102,36,106,6,0,0,0,0],[106,6,106,12,0,0,0,3],[106,12,108,6,0,0,0,0],[106,16,106,34,0,0,0,0],[106,35,106,36,0,0,0,3],[106,36,108,6,0,0,0,0],[108,6,109,5,0,0,0,3],[109,5,114,2,0,0,0,0],[109,9,109,22,0,0,0,0],[109,23,109,24,0,0,0,3],[109,24,109,44,0,0,0,0],[109,45,110,10,0,0,0,3],[110,10,112,6,0,0,0,0]]},{"branches":[[119,23,119,24,0,0,0,0,4],[120,12,120,30,0,0,0,0,4],[126,25,126,26,0,0,0,0,4]],"count":0,"filenames":["/Volumes/D/Faculta/A1S2/OOP/labs/lab8-9/magazin/ui.cpp"],"name":"_ZN2UI13print_catalogERNSt3__16vectorINS0_12basic_stringIcNS0_11char_traitsIcEENS0_9allocatorIcEEEENS5_IS7_EEEE","regions":[[116,58,133,2,0,0,0,0],[119,33,119,34,0,0,0,3],[119,34,132,6,0,0,0,0],[120,12,120,30,0,0,0,0],[120,31,120,32,0,0,0,3],[120,32,131,10,0,0,0,0],[126,40,126,41,0,0,0,3],[126,41,129,14,0,0,0,0]]},{"branches":[],"count":0,"filenames":["/Volumes/D/Faculta/A1S2/OOP/labs/lab8-9/magazin/ui.cpp"],"name":"_ZN2UI4undoEv","regions":[[135,17,137,2,0,0,0,0]]},{"branches":[[143,9,143,27,0,0,0,0,4],[143,31,143,47,0,0,0,0,4],[147,21,147,22,0,0,0,0,4],[151,16,151,34,0,0,0,0,4],[151,38,151,58,0,0,0,0,4],[156,16,156,34,0,0,0,0,4],[156,38,156,96,0,0,0,0,4],[158,16,158,34,0,0,0,0,4],[161,13,161,29,0,0,0,0,4],[166,13,166,29,0,0,0,0,4],[171,13,171,29,0,0,0,0,4],[176,13,176,29,0,0,0,0,4],[177,17,177,38,0,0,0,0,4],[185,21,185,22,0,0,0,0,4]],"count":0,"filenames":["/Volumes/D/Faculta/A1S2/OOP/labs/lab8-9/magazin/ui.cpp"],"name":"_ZN2UI20vizualizeaza_produseERNSt3__16vectorINS0_12basic_stringIcNS0_11char_traitsIcEENS0_9allocatorIcEEEENS5_IS7_EEEE","regions":[[141,65,192,2,0,0,0,0],[143,9,143,27,0,0,0,0],[143,9,143,47,0,0,0,0],[143,31,143,47,0,0,0,0],[143,48,143,49,0,0,0,3],[143,49,151,6,0,0,0,0],[147,37,147,38,0,0,0,3],[147,38,150,10,0,0,0,0],[151,6,151,12,0,0,0,3],[151,12,191,6,0,0,0,0],[151,16,151,34,0,0,0,0],[151,16,151,58,0,0,0,0],[151,38,151,58,0,0,0,0],[151,59,151,60,0,0,0,3],[151,60,156,6,0,0,0,0],[156,6,156,12,0,0,0,3],[156,12,191,6,0,0,0,0],[156,16,156,34,0,0,0,0],[156,16,156,96,0,0,0,0],[156,38,156,96,0,0,0,0],[156,97,156,98,0,0,0,3],[156,98,158,6,0,0,0,0],[158,6,158,12,0,0,0,3],[158,12,191,6,0,0,0,0],[158,16,158,34,0,0,0,0],[158,35,158,36,0,0,0,3],[158,36,189,6,0,0,0,0],[160,1,160,39,0,0,0,2],[161,13,161,29,0,0,0,0],[161,30,162,13,0,0,0,3],[162,13,165,15,0,0,0,0],[166,13,166,29,0,0,0,0],[166,30,167,13,0,0,0,3],[167,13,170,11,0,0,0,0],[171,13,171,29,0,0,0,0],[171,30,172,13,0,0,0,3],[172,13,175,15,0,0,0,0],[176,13,176,29,0,0,0,0],[176,30,176,31,0,0,0,3],[176,31,184,10,0,0,0,0],[177,17,177,38,0,0,0,0],[177,39,177,40,0,0,0,3],[177,40,179,14,0,0,0,0],[179,14,180,13,0,0,0,3],[180,13,184,10,0,0,0,0],[184,10,185,9,0,0,0,3],[185,9,189,6,0,0,0,0],[185,37,185,38,0,0,0,3],[185,38,188,10,0,0,0,0],[189,6,189,12,0,0,0,3],[189,12,191,6,0,0,0,0]]},{"branches":[[196,9,196,27,0,0,0,0,4],[197,13,197,29,0,0,0,0,4],[197,33,197,49,0,0,0,0,4],[199,17,199,33,0,0,0,0,4],[200,21,200,37,0,0,0,0,4],[205,21,205,39,0,0,0,0,4],[214,21,214,37,0,0,0,0,4],[221,24,221,40,0,0,0,0,4],[222,21,222,37,0,0,0,0,4],[227,21,227,39,0,0,0,0,4],[234,21,234,37,0,0,0,0,4],[240,25,240,26,0,0,0,0,4]],"count":0,"filenames":["/Volumes/D/Faculta/A1S2/OOP/labs/lab8-9/magazin/ui.cpp"],"name":"_ZN2UI16sorteaza_produseERNSt3__16vectorINS0_12basic_stringIcNS0_11char_traitsIcEENS0_9allocatorIcEEEENS5_IS7_EEEE","regions":[[195,61,250,2,0,0,0,0],[196,9,196,27,0,0,0,0],[196,28,196,29,0,0,0,3],[196,29,247,6,0,0,0,0],[197,13,197,29,0,0,0,0],[197,13,197,49,0,0,0,0],[197,33,197,49,0,0,0,0],[197,50,197,51,0,0,0,3],[197,51,244,10,0,0,0,0],[199,17,199,33,0,0,0,0],[199,34,199,35,0,0,0,3],[199,35,221,14,0,0,0,0],[200,21,200,37,0,0,0,0],[200,38,200,39,0,0,0,3],[200,39,204,19,0,0,0,0],[205,21,205,39,0,0,0,0],[205,40,205,41,0,0,0,3],[205,41,213,18,0,0,0,0],[214,21,214,37,0,0,0,0],[214,38,214,39,0,0,0,3],[214,39,220,18,0,0,0,0],[221,14,221,20,0,0,0,3],[221,20,239,14,0,0,0,0],[221,24,221,40,0,0,0,0],[221,41,221,42,0,0,0,3],[221,42,239,14,0,0,0,0],[222,21,222,37,0,0,0,0],[222,38,222,39,0,0,0,3],[222,39,226,19,0,0,0,0],[227,21,227,39,0,0,0,0],[227,40,227,41,0,0,0,3],[227,41,233,19,0,0,0,0],[234,21,234,37,0,0,0,0],[234,38,234,39,0,0,0,3],[234,39,238,19,0,0,0,0],[240,39,240,40,0,0,0,3],[240,40,243,14,0,0,0,0],[244,10,244,16,0,0,0,3],[244,16,246,10,0,0,0,0],[247,6,247,12,0,0,0,3],[247,12,249,6,0,0,0,0]]},{"branches":[[253,9,253,27,0,0,0,0,4],[256,9,256,30,0,0,0,0,4]],"count":0,"filenames":["/Volumes/D/Faculta/A1S2/OOP/labs/lab8-9/magazin/ui.cpp"],"name":"_ZN2UI20adauga_produs_in_cosERNSt3__16vectorINS0_12basic_stringIcNS0_11char_traitsIcEENS0_9allocatorIcEEEENS5_IS7_EEEE","regions":[[252,65,261,2,0,0,0,0],[253,9,253,27,0,0,0,0],[253,28,253,29,0,0,0,3],[253,29,255,6,0,0,0,0],[255,6,256,5,0,0,0,3],[256,5,261,2,0,0,0,0],[256,9,256,30,0,0,0,0],[256,31,256,32,0,0,0,3],[256,32,258,6,0,0,0,0],[258,6,259,5,0,0,0,3],[259,5,261,2,0,0,0,0]]},{"branches":[[265,9,265,27,0,0,0,0,4],[268,9,268,30,0,0,0,0,4]],"count":0,"filenames":["/Volumes/D/Faculta/A1S2/OOP/labs/lab8-9/magazin/ui.cpp"],"name":"_ZN2UI20sterge_produs_in_cosERNSt3__16vectorINS0_12basic_stringIcNS0_11char_traitsIcEENS0_9allocatorIcEEEENS5_IS7_EEEE","regions":[[264,65,272,2,0,0,0,0],[265,9,265,27,0,0,0,0],[265,28,265,29,0,0,0,3],[265,29,267,6,0,0,0,0],[267,6,268,5,0,0,0,3],[268,5,272,2,0,0,0,0],[268,9,268,30,0,0,0,0],[268,31,268,32,0,0,0,3],[268,32,270,6,0,0,0,0],[270,6,271,5,0,0,0,3],[271,5,272,2,0,0,0,0]]},{"branches":[[275,9,275,27,0,0,0,0,4],[280,17,280,18,0,0,0,0,4]],"count":0,"filenames":["/Volumes/D/Faculta/A1S2/OOP/labs/lab8-9/magazin/ui.cpp"],"name":"_ZN2UI24vizualizeaza_produse_cosERNSt3__16vectorINS0_12basic_stringIcNS0_11char_traitsIcEENS0_9allocatorIcEEEENS5_IS7_EEEE","regions":[[274,69,286,2,0,0,0,0],[275,9,275,27,0,0,0,0],[275,28,275,29,0,0,0,3],[275,29,277,6,0,0,0,0],[277,6,278,5,0,0,0,3],[278,5,286,2,0,0,0,0],[279,1,279,1,0,0,0,2],[280,23,280,24,0,0,0,3],[280,24,284,6,0,0,0,0]]},{"branches":[[289,9,289,27,0,0,0,0,4]],"count":0,"filenames":["/Volumes/D/Faculta/A1S2/OOP/labs/lab8-9/magazin/ui.cpp"],"name":"_ZN2UI9clear_cosERNSt3__16vectorINS0_12basic_stringIcNS0_11char_traitsIcEENS0_9allocatorIcEEEENS5_IS7_EEEE","regions":[[288,54,293,2,0,0,0,0],[289,9,289,27,0,0,0,0],[289,28,289,29,0,0,0,3],[289,29,291,6,0,0,0,0],[291,6,292,5,0,0,0,3],[292,5,293,2,0,0,0,0]]},{"branches":[[296,9,296,27,0,0,0,0,4],[299,9,299,30,0,0,0,0,4],[306,12,306,25,0,0,0,0,4]],"count":0,"filenames":["/Volumes/D/Faculta/A1S2/OOP/labs/lab8-9/magazin/ui.cpp"],"name":"_ZN2UI10random_cosERNSt3__16vectorINS0_12basic_stringIcNS0_11char_traitsIcEENS0_9allocatorIcEEEENS5_IS7_EEEE","regions":[[295,55,310,2,0,0,0,0],[296,9,296,27,0,0,0,0],[296,28,296,29,0,0,0,3],[296,29,298,6,0,0,0,0],[298,6,299,5,0,0,0,3],[299,5,310,2,0,0,0,0],[299,9,299,30,0,0,0,0],[299,31,299,32,0,0,0,3],[299,32,301,6,0,0,0,0],[301,6,302,5,0,0,0,3],[302,5,310,2,0,0,0,0],[306,12,306,25,0,0,0,0],[306,26,306,27,0,0,0,3],[306,27,309,6,0,0,0,0]]},{"branches":[[313,9,313,27,0,0,0,0,4]],"count":0,"filenames":["/Volumes/D/Faculta/A1S2/OOP/labs/lab8-9/magazin/ui.cpp"],"name":"_ZN2UI10export_cosERNSt3__16vectorINS0_12basic_stringIcNS0_11char_traitsIcEENS0_9allocatorIcEEEENS5_IS7_EEEE","regions":[[312,55,318,2,0,0,0,0],[313,9,313,27,0,0,0,0],[313,28,313,29,0,0,0,3],[313,29,315,6,0,0,0,0],[315,6,316,5,0,0,0,3],[316,5,318,2,0,0,0,0]]},{"branches":[],"count":0,"filenames":["/Volumes/D/Faculta/A1S2/OOP/labs/lab8-9/magazin/ui.cpp"],"name":"_Z4helpv","regions":[[320,13,329,2,0,0,0,0]]},{"branches":[[339,12,339,32,0,0,0,0,4],[343,13,343,33,0,0,0,0,4],[344,18,344,38,0,0,0,0,4],[349,13,349,31,0,0,0,0,4],[350,18,350,77,0,0,0,0,4],[355,17,355,34,0,0,0,0,4],[357,24,357,41,0,0,0,0,4],[359,24,359,41,0,0,0,0,4],[361,24,361,42,0,0,0,0,4],[363,24,363,42,0,0,0,0,4],[365,24,365,45,0,0,0,0,4],[367,24,367,45,0,0,0,0,4],[369,24,369,46,0,0,0,0,4],[371,24,371,47,0,0,0,0,4],[373,24,373,48,0,0,0,0,4],[375,24,375,48,0,0,0,0,4],[377,24,377,45,0,0,0,0,4],[379,24,379,42,0,0,0,0,4]],"count":0,"filenames":["/Volumes/D/Faculta/A1S2/OOP/labs/lab8-9/magazin/ui.cpp"],"name":"_ZN2UI3runEv","regions":[[332,16,386,2,0,0,0,0],[334,1,334,60,0,0,0,2],[338,1,338,1,0,0,0,2],[339,12,339,32,0,0,0,0],[339,33,339,34,0,0,0,3],[339,34,385,6,0,0,0,0],[343,13,343,33,0,0,0,0],[343,34,343,35,0,0,0,3],[343,35,343,43,0,0,0,0],[343,44,344,14,0,0,0,3],[344,14,347,10,0,0,0,0],[344,18,344,38,0,0,0,0],[344,39,344,40,0,0,0,3],[344,40,347,10,0,0,0,0],[347,10,348,9,0,0,0,3],[348,9,385,6,0,0,0,0],[349,13,349,31,0,0,0,0],[349,32,349,33,0,0,0,3],[349,33,349,41,0,0,0,0],[349,42,350,14,0,0,0,3],[350,14,353,10,0,0,0,0],[350,18,350,77,0,0,0,0],[350,78,350,79,0,0,0,3],[350,79,353,10,0,0,0,0],[353,10,354,9,0,0,0,3],[354,9,385,6,0,0,0,0],[354,13,382,10,0,0,0,0],[355,17,355,34,0,0,0,0],[355,35,355,36,0,0,0,3],[355,36,357,14,0,0,0,0],[357,14,357,20,0,0,0,3],[357,20,381,14,0,0,0,0],[357,24,357,41,0,0,0,0],[357,42,357,43,0,0,0,3],[357,43,359,14,0,0,0,0],[359,14,359,20,0,0,0,3],[359,20,381,14,0,0,0,0],[359,24,359,41,0,0,0,0],[359,42,359,43,0,0,0,3],[359,43,361,14,0,0,0,0],[361,14,361,20,0,0,0,3],[361,20,381,14,0,0,0,0],[361,24,361,42,0,0,0,0],[361,43,361,44,0,0,0,3],[361,44,363,14,0,0,0,0],[363,14,363,20,0,0,0,3],[363,20,381,14,0,0,0,0],[363,24,363,42,0,0,0,0],[363,43,363,44,0,0,0,3],[363,44,365,14,0,0,0,0],[365,14,365,20,0,0,0,3],[365,20,381,14,0,0,0,0],[365,24,365,45,0,0,0,0],[365,46,365,47,0,0,0,3],[365,47,367,14,0,0,0,0],[367,14,367,20,0,0,0,3],[367,20,381,14,0,0,0,0],[367,24,367,45,0,0,0,0],[367,46,367,47,0,0,0,3],[367,47,369,14,0,0,0,0],[369,14,369,20,0,0,0,3],[369,20,381,14,0,0,0,0],[369,24,369,46,0,0,0,0],[369,47,369,48,0,0,0,3],[369,48,371,14,0,0,0,0],[371,14,371,20,0,0,0,3],[371,20,381,14,0,0,0,0],[371,24,371,47,0,0,0,0],[371,48,371,49,0,0,0,3],[371,49,373,14,0,0,0,0],[373,14,373,20,0,0,0,3],[373,20,381,14,0,0,0,0],[373,24,373,48,0,0,0,0],[373,49,373,50,0,0,0,3],[373,50,375,14,0,0,0,0],[375,14,375,20,0,0,0,3],[375,20,381,14,0,0,0,0],[375,24,375,48,0,0,0,0],[375,49,375,50,0,0,0,3],[375,50,377,14,0,0,0,0],[377,14,377,20,0,0,0,3],[377,20,381,14,0,0,0,0],[377,24,377,45,0,0,0,0],[377,46,377,47,0,0,0,3],[377,47,379,14,0,0,0,0],[379,14,379,20,0,0,0,3],[379,20,381,14,0,0,0,0],[379,24,379,42,0,0,0,0],[379,43,379,44,0,0,0,3],[379,44,381,14,0,0,0,0],[382,38,384,10,0,0,0,0]]},{"branches":[[390,9,390,26,0,0,0,0,4],[396,12,396,35,0,0,0,0,4],[398,13,398,34,0,0,0,0,4],[400,12,400,33,0,0,0,0,4],[402,13,402,33,0,0,0,0,4],[406,11,406,31,0,0,0,0,4]],"count":0,"filenames":["/Volumes/D/Faculta/A1S2/OOP/labs/lab8-9/magazin/ui.cpp"],"name":"_Z5stripRNSt3__112basic_stringIcNS_11char_traitsIcEENS_9allocatorIcEEEE","regions":[[389,30,407,2,0,0,0,0],[390,9,390,26,0,0,0,0],[390,27,390,28,0,0,0,3],[390,28,392,6,0,0,0,0],[392,6,394,5,0,0,0,3],[393,1,393,1,0,0,0,2],[394,5,407,2,0,0,0,0],[396,12,396,35,0,0,0,0],[396,36,396,37,0,0,0,3],[396,37,399,6,0,0,0,0],[398,13,398,34,0,0,0,0],[398,35,398,36,0,0,0,3],[398,36,398,41,0,0,0,0],[400,12,400,33,0,0,0,0],[400,34,400,35,0,0,0,3],[400,35,403,6,0,0,0,0],[402,13,402,33,0,0,0,0],[402,34,402,35,0,0,0,3],[402,35,402,40,0,0,0,0],[406,11,406,31,0,0,0,0],[406,33,406,34,0,0,0,3],[406,34,406,70,0,0,0,0],[406,73,406,75,0,0,0,0]]},{"branches":[[412,21,412,35,0,0,0,0,4],[413,13,413,32,0,0,0,0,4],[414,17,414,30,0,0,0,0,4],[422,9,422,29,0,0,0,0,4]],"count":0,"filenames":["/Volumes/D/Faculta/A1S2/OOP/labs/lab8-9/magazin/ui.cpp"],"name":"_Z12split_stringNSt3__112basic_stringIcNS_11char_traitsIcEENS_9allocatorIcEEEEc","regions":[[409,72,425,2,0,0,0,0],[412,21,412,35,0,0,0,0],[412,37,412,40,0,0,0,0],[412,41,412,42,0,0,0,3],[412,42,421,6,0,0,0,0],[413,13,413,32,0,0,0,0],[413,33,413,34,0,0,0,3],[413,34,419,10,0,0,0,0],[414,17,414,30,0,0,0,0],[414,31,414,32,0,0,0,3],[414,32,417,14,0,0,0,0],[419,10,420,9,0,0,0,3],[420,9,421,6,0,0,0,0],[422,9,422,29,0,0,0,0],[422,30,423,9,0,0,0,3],[423,9,423,34,0,0,0,0]]},{"branches":[],"count":0,"filenames":["/Volumes/D/Faculta/A1S2/OOP/labs/lab8-9/magazin/ui.cpp"],"name":"_Z9is_numberRNSt3__112basic_stringIcNS_11char_traitsIcEENS_9allocatorIcEEEE","regions":[[427,37,429,2,0,0,0,0]]},{"branches":[[122,21,122,43,0,0,0,0,4]],"count":0,"filenames":["/Volumes/D/Faculta/A1S2/OOP/labs/lab8-9/magazin/ui.cpp"],"name":"ui.cpp:_ZZN2UI13print_catalogERNSt3__16vectorINS0_12basic_stringIcNS0_11char_traitsIcEENS0_9allocatorIcEEEENS5_IS7_EEEEENK3$_0clERK6Produs","regions":[[121,96,124,14,0,0,0,0],[122,21,122,43,0,0,0,0],[122,44,122,45,0,0,0,3],[122,45,122,56,0,0,0,0],[122,57,123,17,0,0,0,3],[123,17,123,29,0,0,0,0]]},{"branches":[],"count":0,"filenames":["/Volumes/D/Faculta/A1S2/OOP/labs/lab8-9/magazin/ui.cpp"],"name":"ui.cpp:_ZZN2UI20vizualizeaza_produseERNSt3__16vectorINS0_12basic_stringIcNS0_11char_traitsIcEENS0_9allocatorIcEEEENS5_IS7_EEEEENK3$_1clERK6Produs","regions":[[144,91,146,10,0,0,0,0]]},{"branches":[[163,21,163,46,0,0,0,0,4]],"count":0,"filenames":["/Volumes/D/Faculta/A1S2/OOP/labs/lab8-9/magazin/ui.cpp"],"name":"ui.cpp:_ZZN2UI20vizualizeaza_produseERNSt3__16vectorINS0_12basic_stringIcNS0_11char_traitsIcEENS0_9allocatorIcEEEENS5_IS7_EEEEENK3$_2clERK6Produs","regions":[[162,76,165,14,0,0,0,0],[163,21,163,46,0,0,0,0],[163,47,163,48,0,0,0,3],[163,48,163,59,0,0,0,0],[163,60,164,17,0,0,0,3],[164,17,164,29,0,0,0,0]]},{"branches":[[168,21,168,52,0,0,0,0,4]],"count":0,"filenames":["/Volumes/D/Faculta/A1S2/OOP/labs/lab8-9/magazin/ui.cpp"],"name":"ui.cpp:_ZZN2UI20vizualizeaza_produseERNSt3__16vectorINS0_12basic_stringIcNS0_11char_traitsIcEENS0_9allocatorIcEEEENS5_IS7_EEEEENK3$_3clERK6Produs","regions":[[167,76,170,10,0,0,0,0],[168,21,168,52,0,0,0,0],[168,53,168,54,0,0,0,3],[168,54,168,65,0,0,0,0],[168,66,169,17,0,0,0,3],[169,17,169,29,0,0,0,0]]},{"branches":[[173,25,173,49,0,0,0,0,4]],"count":0,"filenames":["/Volumes/D/Faculta/A1S2/OOP/labs/lab8-9/magazin/ui.cpp"],"name":"ui.cpp:_ZZN2UI20vizualizeaza_produseERNSt3__16vectorINS0_12basic_stringIcNS0_11char_traitsIcEENS0_9allocatorIcEEEENS5_IS7_EEEEENK3$_4clERK6Produs","regions":[[172,76,175,14,0,0,0,0],[173,25,173,49,0,0,0,0],[173,50,173,51,0,0,0,3],[173,51,173,62,0,0,0,0],[173,63,174,21,0,0,0,3],[174,21,174,33,0,0,0,0]]},{"branches":[[181,21,181,52,0,0,0,0,4]],"count":0,"filenames":["/Volumes/D/Faculta/A1S2/OOP/labs/lab8-9/magazin/ui.cpp"],"name":"ui.cpp:_ZZN2UI20vizualizeaza_produseERNSt3__16vectorINS0_12basic_stringIcNS0_11char_traitsIcEENS0_9allocatorIcEEEENS5_IS7_EEEEENK3$_5clERK6Produs","regions":[[180,76,183,14,0,0,0,0],[181,21,181,52,0,0,0,0],[181,53,181,54,0,0,0,3],[181,54,181,65,0,0,0,0],[181,66,182,17,0,0,0,3],[182,17,182,29,0,0,0,0]]},{"branches":[[201,29,201,58,0,0,0,0,4],[202,29,202,58,0,0,0,0,4]],"count":0,"filenames":["/Volumes/D/Faculta/A1S2/OOP/labs/lab8-9/magazin/ui.cpp"],"name":"ui.cpp:_ZZN2UI16sorteaza_produseERNSt3__16vectorINS0_12basic_stringIcNS0_11char_traitsIcEENS0_9allocatorIcEEEENS5_IS7_EEEEENK3$_6clERK6ProdusSE_","regions":[[200,118,204,18,0,0,0,0],[201,29,201,58,0,0,0,0],[201,59,201,60,0,0,0,3],[201,60,201,69,0,0,0,0],[201,70,202,25,0,0,0,3],[202,25,204,18,0,0,0,0],[202,29,202,58,0,0,0,0],[202,59,202,60,0,0,0,3],[202,60,202,68,0,0,0,0],[202,69,203,25,0,0,0,3],[203,25,203,33,0,0,0,0]]},{"branches":[[207,29,207,58,0,0,0,0,4],[208,29,208,58,0,0,0,0,4],[209,29,209,58,0,0,0,0,4],[210,29,210,58,0,0,0,0,4]],"count":0,"filenames":["/Volumes/D/Faculta/A1S2/OOP/labs/lab8-9/magazin/ui.cpp"],"name":"ui.cpp:_ZZN2UI16sorteaza_produseERNSt3__16vectorINS0_12basic_stringIcNS0_11char_traitsIcEENS0_9allocatorIcEEEENS5_IS7_EEEEENK3$_7clERK6ProdusSE_","regions":[[206,100,212,22,0,0,0,0],[207,29,207,58,0,0,0,0],[207,59,207,60,0,0,0,3],[207,60,207,69,0,0,0,0],[207,70,208,25,0,0,0,3],[208,25,212,22,0,0,0,0],[208,29,208,58,0,0,0,0],[208,59,208,60,0,0,0,3],[208,60,208,68,0,0,0,0],[208,69,209,25,0,0,0,3],[209,25,212,22,0,0,0,0],[209,29,209,58,0,0,0,0],[209,59,209,60,0,0,0,3],[209,60,209,69,0,0,0,0],[209,70,210,25,0,0,0,3],[210,25,212,22,0,0,0,0],[210,29,210,58,0,0,0,0],[210,59,210,60,0,0,0,3],[210,60,210,68,0,0,0,0],[210,69,211,25,0,0,0,3],[211,25,211,33,0,0,0,0]]},{"branches":[[216,29,216,58,0,0,0,0,4],[217,29,217,58,0,0,0,0,4]],"count":0,"filenames":["/Volumes/D/Faculta/A1S2/OOP/labs/lab8-9/magazin/ui.cpp"],"name":"ui.cpp:_ZZN2UI16sorteaza_produseERNSt3__16vectorINS0_12basic_stringIcNS0_11char_traitsIcEENS0_9allocatorIcEEEENS5_IS7_EEEEENK3$_8clERK6ProdusSE_","regions":[[215,100,219,22,0,0,0,0],[216,29,216,58,0,0,0,0],[216,59,216,60,0,0,0,3],[216,60,216,69,0,0,0,0],[216,70,217,25,0,0,0,3],[217,25,219,22,0,0,0,0],[217,29,217,58,0,0,0,0],[217,59,217,60,0,0,0,3],[217,60,217,68,0,0,0,0],[217,69,218,25,0,0,0,3],[218,25,218,33,0,0,0,0]]},{"branches":[[223,25,223,54,0,0,0,0,4],[224,25,224,54,0,0,0,0,4]],"count":0,"filenames":["/Volumes/D/Faculta/A1S2/OOP/labs/lab8-9/magazin/ui.cpp"],"name":"ui.cpp:_ZZN2UI16sorteaza_produseERNSt3__16vectorINS0_12basic_stringIcNS0_11char_traitsIcEENS0_9allocatorIcEEEENS5_IS7_EEEEENK3$_9clERK6ProdusSE_","regions":[[222,117,226,18,0,0,0,0],[223,25,223,54,0,0,0,0],[223,55,223,56,0,0,0,3],[223,56,223,65,0,0,0,0],[223,66,224,21,0,0,0,3],[224,21,226,18,0,0,0,0],[224,25,224,54,0,0,0,0],[224,55,224,56,0,0,0,3],[224,56,224,64,0,0,0,0],[224,65,225,21,0,0,0,3],[225,21,225,29,0,0,0,0]]},{"branches":[[228,25,228,54,0,0,0,0,4],[229,25,229,54,0,0,0,0,4],[230,25,230,54,0,0,0,0,4],[231,25,231,54,0,0,0,0,4]],"count":0,"filenames":["/Volumes/D/Faculta/A1S2/OOP/labs/lab8-9/magazin/ui.cpp"],"name":"ui.cpp:_ZZN2UI16sorteaza_produseERNSt3__16vectorINS0_12basic_stringIcNS0_11char_traitsIcEENS0_9allocatorIcEEEENS5_IS7_EEEEENK4$_10clERK6ProdusSE_","regions":[[227,119,233,18,0,0,0,0],[228,25,228,54,0,0,0,0],[228,55,228,56,0,0,0,3],[228,56,228,64,0,0,0,0],[228,65,229,21,0,0,0,3],[229,21,233,18,0,0,0,0],[229,25,229,54,0,0,0,0],[229,55,229,56,0,0,0,3],[229,56,229,65,0,0,0,0],[229,66,230,21,0,0,0,3],[230,21,233,18,0,0,0,0],[230,25,230,54,0,0,0,0],[230,55,230,56,0,0,0,3],[230,56,230,64,0,0,0,0],[230,65,231,21,0,0,0,3],[231,21,233,18,0,0,0,0],[231,25,231,54,0,0,0,0],[231,55,231,56,0,0,0,3],[231,56,231,65,0,0,0,0],[231,66,232,21,0,0,0,3],[232,21,232,29,0,0,0,0]]},{"branches":[[235,25,235,54,0,0,0,0,4],[236,25,236,54,0,0,0,0,4]],"count":0,"filenames":["/Volumes/D/Faculta/A1S2/OOP/labs/lab8-9/magazin/ui.cpp"],"name":"ui.cpp:_ZZN2UI16sorteaza_produseERNSt3__16vectorINS0_12basic_stringIcNS0_11char_traitsIcEENS0_9allocatorIcEEEENS5_IS7_EEEEENK4$_11clERK6ProdusSE_","regions":[[234,117,238,18,0,0,0,0],[235,25,235,54,0,0,0,0],[235,55,235,56,0,0,0,3],[235,56,235,65,0,0,0,0],[235,66,236,21,0,0,0,3],[236,21,238,18,0,0,0,0],[236,25,236,54,0,0,0,0],[236,55,236,56,0,0,0,3],[236,56,236,64,0,0,0,0],[236,65,237,21,0,0,0,3],[237,21,237,29,0,0,0,0]]},{"branches":[],"count":0,"filenames":["/Volumes/D/Faculta/A1S2/OOP/labs/lab8-9/magazin/ui.cpp"],"name":"ui.cpp:_ZZN2UI10random_cosERNSt3__16vectorINS0_12basic_stringIcNS0_11char_traitsIcEENS0_9allocatorIcEEEENS5_IS7_EEEEENK4$_12clERK6Produs","regions":[[302,85,302,99,0,0,0,0]]},{"branches":[],"count":2,"filenames":["/Volumes/D/Faculta/A1S2/OOP/labs/lab8-9/magazin/domain.cpp"],"name":"_ZN6Produs8set_numeERKNSt3__112basic_stringIcNS0_11char_traitsIcEENS0_9allocatorIcEEEE","regions":[[8,53,10,2,2,0,0,0]]},{"branches":[],"count":2,"filenames":["/Volumes/D/Faculta/A1S2/OOP/labs/lab8-9/magazin/domain.cpp"],"name":"_ZN6Produs7set_tipERKNSt3__112basic_stringIcNS0_11char_traitsIcEENS0_9allocatorIcEEEE","regions":[[12,51,14,2,2,0,0,0]]},{"branches":[],"count":2,"filenames":["/Volumes/D/Faculta/A1S2/OOP/labs/lab8-9/magazin/domain.cpp"],"name":"_ZN6Produs8set_pretERKi","regions":[[16,45,18,2,2,0,0,0]]},{"branches":[],"count":2,"filenames":["/Volumes/D/Faculta/A1S2/OOP/labs/lab8-9/magazin/domain.cpp"],"name":"_ZN6Produs14set_producatorERKNSt3__112basic_stringIcNS0_11char_traitsIcEENS0_9allocatorIcEEEE","regions":[[20,65,22,2,2,0,0,0]]},{"branches":[[9,8,9,71,12,37,0,0,4]],"count":49,"filenames":["/Volumes/D/Faculta/A1S2/OOP/labs/lab8-9/magazin/repo.cpp"],"name":"_ZN11ProduseRepo18adauga_produs_repoERK6Produs","regions":[[8,56,13,2,49,0,0,0],[9,8,9,71,49,0,0,0],[9,72,9,73,12,0,0,3],[9,73,11,6,12,0,0,0],[11,6,12,5,37,0,0,3],[12,5,13,2,37,0,0,0]]},{"branches":[[18,8,18,26,3,1,0,0,4]],"count":4,"filenames":["/Volumes/D/Faculta/A1S2/OOP/labs/lab8-9/magazin/repo.cpp"],"name":"_ZN11ProduseRepo26sterge_produs_dupa_id_repoERKi","regions":[[15,68,24,2,4,0,0,0],[18,8,18,26,4,0,0,0],[18,27,18,28,3,0,0,3],[18,28,20,6,3,0,0,0],[20,6,21,10,1,0,0,3],[21,10,23,6,1,0,0,0]]},{"branches":[],"count":4,"filenames":["/Volumes/D/Faculta/A1S2/OOP/labs/lab8-9/magazin/repo.cpp"],"name":"_ZN11ProduseRepo20modifica_produs_repoERKiRK6Produs","regions":[[26,83,29,2,4,0,0,0]]},{"branches":[[32,20,32,21,880,46,0,0,4],[33,13,33,32,100,780,0,0,4]],"count":146,"filenames":["/Volumes/D/Faculta/A1S2/OOP/labs/lab8-9/magazin/repo.cpp"],"name":"_ZN11ProduseRepo25cauta_produs_dupa_id_repoERKi","regions":[[31,64,37,2,146,0,0,0],[32,36,32,37,880,0,0,3],[32,37,34,6,880,0,0,0],[33,13,33,32,880,0,0,0],[33,33,33,34,100,0,0,3],[33,34,33,45,100,0,0,0],[34,6,35,5,46,0,0,3],[35,5,36,19,46,0,0,0]]},{"branches":[],"count":2,"filenames":["/Volumes/D/Faculta/A1S2/OOP/labs/lab8-9/magazin/repo.cpp"],"name":"_ZNK11ProduseRepo6getAllEv","regions":[[39,65,41,2,2,0,0,0]]},{"branches":[],"count":37,"filenames":["/Volumes/D/Faculta/A1S2/OOP/labs/lab8-9/magazin/repo.cpp"],"name":"_ZN15ProduseRepoFile18adauga_produs_repoERK6Produs","regions":[[44,60,49,2,37,0,0,0],[45,9,47,6,37,0,0,0],[47,28,47,30,1,0,0,0],[48,5,49,2,37,0,0,0]]},{"branches":[],"count":4,"filenames":["/Volumes/D/Faculta/A1S2/OOP/labs/lab8-9/magazin/repo.cpp"],"name":"_ZN15ProduseRepoFile26sterge_produs_dupa_id_repoERKi","regions":[[51,72,54,2,4,0,0,0]]},{"branches":[],"count":4,"filenames":["/Volumes/D/Faculta/A1S2/OOP/labs/lab8-9/magazin/repo.cpp"],"name":"_ZN15ProduseRepoFile20modifica_produs_repoERKiRK6Produs","regions":[[56,87,59,2,4,0,0,0]]},{"branches":[[11,8,11,51,0,35,0,0,4]],"count":35,"filenames":["/Volumes/D/Faculta/A1S2/OOP/labs/lab8-9/magazin/service.cpp"],"name":"_ZN14ServiceProduse21adauga_produs_serviceERKiRKNSt3__112basic_stringIcNS2_11char_traitsIcEENS2_9allocatorIcEEEESA_S1_SA_","regions":[[9,156,15,2,35,0,0,0],[11,8,11,51,35,0,0,0],[11,52,11,53,0,0,0,3],[11,53,11,59,0,0,0,0],[11,60,12,5,35,0,0,3],[12,5,15,2,35,0,0,0]]},{"branches":[[20,8,20,26,2,3,0,0,4],[26,9,26,27,3,0,0,0,4],[26,9,26,47,0,3,0,0,4],[26,31,26,47,0,3,0,0,4]],"count":5,"filenames":["/Volumes/D/Faculta/A1S2/OOP/labs/lab8-9/magazin/service.cpp"],"name":"_ZN14ServiceProduse21sterge_produs_serviceERKi","regions":[[17,59,28,2,5,0,0,0],[19,1,19,23,0,0,0,2],[20,8,20,26,5,0,0,0],[20,27,20,28,2,0,0,3],[20,28,22,6,2,0,0,0],[22,6,23,5,3,0,0,3],[23,5,28,2,3,0,0,0],[25,1,25,1,0,0,0,2],[26,9,26,27,3,0,0,0],[26,9,26,47,3,0,0,0],[26,31,26,47,3,0,0,0],[26,48,26,49,0,0,0,3],[26,49,26,66,0,0,0,0]]},{"branches":[[32,9,32,36,1,4,0,0,4],[37,9,37,20,1,3,0,0,4],[40,8,40,19,1,3,0,0,4],[43,8,43,19,1,3,0,0,4],[46,8,46,19,1,3,0,0,4]],"count":5,"filenames":["/Volumes/D/Faculta/A1S2/OOP/labs/lab8-9/magazin/service.cpp"],"name":"_ZN14ServiceProduse23modifica_produs_serviceERKiRKNSt3__112basic_stringIcNS2_11char_traitsIcEENS2_9allocatorIcEEEESA_S1_","regions":[[30,154,51,2,5,0,0,0],[32,9,32,36,5,0,0,0],[32,37,32,38,1,0,0,3],[32,38,34,6,1,0,0,0],[34,6,35,5,4,0,0,3],[35,5,51,2,4,0,0,0],[36,1,36,28,0,0,0,2],[37,9,37,20,4,0,0,0],[37,21,37,22,1,0,0,3],[37,22,39,6,1,0,0,0],[40,8,40,19,4,0,0,0],[40,20,40,21,1,0,0,3],[40,21,42,6,1,0,0,0],[43,8,43,19,4,0,0,0],[43,20,43,21,1,0,0,3],[43,21,45,6,1,0,0,0],[46,8,46,19,4,0,0,0],[46,20,46,21,1,0,0,3],[46,21,48,6,1,0,0,0],[49,1,49,1,0,0,0,2]]},{"branches":[],"count":51,"filenames":["/Volumes/D/Faculta/A1S2/OOP/labs/lab8-9/magazin/service.cpp"],"name":"_ZN14ServiceProduse20cauta_produs_serviceERKi","regions":[[53,61,55,2,51,0,0,0]]},{"branches":[],"count":1,"filenames":["/Volumes/D/Faculta/A1S2/OOP/labs/lab8-9/magazin/service.cpp"],"name":"_ZNK14ServiceProduse17filtreaza_produseENSt3__18functionIFbRK6ProdusEEE","regions":[[57,104,62,2,1,0,0,0]]},{"branches":[],"count":1,"filenames":["/Volumes/D/Faculta/A1S2/OOP/labs/lab8-9/magazin/service.cpp"],"name":"_ZNK14ServiceProduse16sorteaza_produseENSt3__18functionIFiRK6ProdusS4_EEE","regions":[[64,121,74,2,1,0,0,0],[67,1,72,19,0,0,0,2]]},{"branches":[[77,9,77,48,31,1,0,0,4]],"count":32,"filenames":["/Volumes/D/Faculta/A1S2/OOP/labs/lab8-9/magazin/service.cpp"],"name":"_ZN14ServiceProduse14adauga_inc_cosEi","regions":[[76,52,83,2,32,0,0,0],[77,9,77,48,32,0,0,0],[77,49,77,50,31,0,0,3],[77,50,79,6,31,0,0,0],[79,6,80,10,1,0,0,3],[80,10,82,6,1,0,0,0]]},{"branches":[[86,9,86,48,1,1,0,0,4]],"count":2,"filenames":["/Volumes/D/Faculta/A1S2/OOP/labs/lab8-9/magazin/service.cpp"],"name":"_ZN14ServiceProduse14sterge_din_cosEi","regions":[[85,52,92,2,2,0,0,0],[86,9,86,48,2,0,0,0],[86,49,86,50,1,0,0,3],[86,50,88,6,1,0,0,0],[88,6,89,10,1,0,0,3],[89,10,91,6,1,0,0,0]]},{"branches":[],"count":3,"filenames":["/Volumes/D/Faculta/A1S2/OOP/labs/lab8-9/magazin/service.cpp"],"name":"_ZNK14ServiceProduse11get_all_cosEv","regions":[[94,61,96,2,3,0,0,0]]},{"branches":[],"count":1,"filenames":["/Volumes/D/Faculta/A1S2/OOP/labs/lab8-9/magazin/service.cpp"],"name":"_ZN14ServiceProduse13get_total_cosEv","regions":[[98,43,100,2,1,0,0,0]]},{"branches":[],"count":2,"filenames":["/Volumes/D/Faculta/A1S2/OOP/labs/lab8-9/magazin/service.cpp"],"name":"_ZN14ServiceProduse11goleste_cosEv","regions":[[102,36,104,2,2,0,0,0]]},{"branches":[],"count":2,"filenames":["/Volumes/D/Faculta/A1S2/OOP/labs/lab8-9/magazin/service.cpp"],"name":"_ZN14ServiceProduse13exporta_cos_sENSt3__112basic_stringIcNS0_11char_traitsIcEENS0_9allocatorIcEEEE","regions":[[106,59,108,2,2,0,0,0]]},{"branches":[],"count":1,"filenames":["/Volumes/D/Faculta/A1S2/OOP/labs/lab8-9/magazin/service.cpp"],"name":"_ZN14ServiceProduse11get_catalogEv","regions":[[110,63,112,2,1,0,0,0]]},{"branches":[[115,9,115,27,2,2,0,0,4]],"count":4,"filenames":["/Volumes/D/Faculta/A1S2/OOP/labs/lab8-9/magazin/service.cpp"],"name":"_ZN14ServiceProduse4undoEv","regions":[[114,29,119,2,4,0,0,0],[115,9,115,27,4,0,0,0],[115,28,116,9,2,0,0,3],[116,9,116,67,2,0,0,0],[116,68,117,5,2,0,0,3],[117,5,119,2,2,0,0,0]]},{"branches":[],"count":42,"filenames":["/Volumes/D/Faculta/A1S2/OOP/labs/lab8-9/magazin/actiune_undo.h"],"name":"_ZN11ActiuneUndoD2Ev","regions":[[14,36,14,37,42,0,0,0]]},{"branches":[[9,8,9,15,4,39,0,0,4]],"count":43,"filenames":["/Volumes/D/Faculta/A1S2/OOP/labs/lab8-9/magazin/validation.cpp"],"name":"_ZNK10Validation12valideaza_IDERKi","regions":[[8,52,13,2,43,0,0,0],[9,8,9,15,43,0,0,0],[9,16,9,17,4,0,0,3],[9,17,11,6,4,0,0,0],[11,6,12,5,39,0,0,3],[12,5,12,16,39,0,0,0]]},{"branches":[[16,9,16,25,1,38,0,0,4]],"count":39,"filenames":["/Volumes/D/Faculta/A1S2/OOP/labs/lab8-9/magazin/validation.cpp"],"name":"_ZNK10Validation14valideaza_numeERKNSt3__112basic_stringIcNS0_11char_traitsIcEENS0_9allocatorIcEEEE","regions":[[15,64,20,2,39,0,0,0],[16,9,16,25,39,0,0,0],[16,26,16,27,1,0,0,3],[16,27,18,6,1,0,0,0],[18,6,19,5,38,0,0,3],[19,5,19,16,38,0,0,0]]},{"branches":[[23,9,23,24,1,36,0,0,4]],"count":37,"filenames":["/Volumes/D/Faculta/A1S2/OOP/labs/lab8-9/magazin/validation.cpp"],"name":"_ZNK10Validation13valideaza_tipERKNSt3__112basic_stringIcNS0_11char_traitsIcEENS0_9allocatorIcEEEE","regions":[[22,62,27,2,37,0,0,0],[23,9,23,24,37,0,0,0],[23,25,23,26,1,0,0,3],[23,26,25,6,1,0,0,0],[25,6,26,5,36,0,0,3],[26,5,26,16,36,0,0,0]]},{"branches":[[30,8,30,17,0,37,0,0,4]],"count":37,"filenames":["/Volumes/D/Faculta/A1S2/OOP/labs/lab8-9/magazin/validation.cpp"],"name":"_ZNK10Validation14valideaza_pretERKi","regions":[[29,56,35,2,37,0,0,0],[30,8,30,17,37,0,0,0],[30,18,30,19,0,0,0,3],[30,19,33,6,0,0,0,0],[31,84,32,9,0,0,0,3],[32,9,32,21,0,0,0,0],[33,6,34,5,37,0,0,3],[34,5,34,16,37,0,0,0]]},{"branches":[[38,9,38,31,1,37,0,0,4]],"count":38,"filenames":["/Volumes/D/Faculta/A1S2/OOP/labs/lab8-9/magazin/validation.cpp"],"name":"_ZNK10Validation20valideaza_producatorERKNSt3__112basic_stringIcNS0_11char_traitsIcEENS0_9allocatorIcEEEE","regions":[[37,76,43,2,38,0,0,0],[38,9,38,31,38,0,0,0],[38,32,38,33,1,0,0,3],[38,33,41,6,1,0,0,0],[39,86,40,9,0,0,0,3],[40,9,40,21,0,0,0,0],[41,6,42,5,37,0,0,3],[42,5,42,16,37,0,0,0]]},{"branches":[[47,8,47,42,0,43,0,0,4],[48,8,48,46,0,43,0,0,4],[49,8,49,58,0,43,0,0,4],[50,8,50,46,0,43,0,0,4],[51,8,51,44,0,43,0,0,4],[52,8,52,18,0,43,0,0,4]],"count":43,"filenames":["/Volumes/D/Faculta/A1S2/OOP/labs/lab8-9/magazin/validation.cpp"],"name":"_ZNK10Validation16valideaza_produsERK6Produs","regions":[[45,63,54,2,43,0,0,0],[47,8,47,42,43,0,0,0],[47,43,47,44,0,0,0,3],[47,44,47,51,0,0,0,0],[48,8,48,46,43,0,0,0],[48,47,48,48,0,0,0,3],[48,48,48,55,0,0,0,0],[49,8,49,58,43,0,0,0],[49,59,49,60,0,0,0,3],[49,60,49,67,0,0,0,0],[50,8,50,46,43,0,0,0],[50,47,50,48,0,0,0,3],[50,48,50,55,0,0,0,0],[51,8,51,44,43,0,0,0],[51,45,51,46,0,0,0,3],[51,46,51,53,0,0,0,0],[52,8,52,18,43,0,0,0],[52,19,52,20,0,0,0,3],[52,20,52,32,0,0,0,0],[52,33,53,5,43,0,0,3],[53,5,53,16,43,0,0,0]]},{"branches":[],"count":1,"filenames":["/Volumes/D/Faculta/A1S2/OOP/labs/lab8-9/magazin/tests.cpp"],"name":"_ZN5Tests11test_domainEv","regions":[[16,27,41,2,1,0,0,0],[18,30,19,5,1,0,0,3],[19,11,41,2,1,0,0,0],[19,38,20,5,1,0,0,3],[20,11,41,2,1,0,0,0],[20,39,21,5,1,0,0,3],[21,11,41,2,1,0,0,0],[21,32,22,5,1,0,0,3],[22,11,41,2,1,0,0,0],[22,44,24,5,1,0,0,3],[23,1,23,1,0,0,0,2],[24,5,41,2,1,0,0,0],[27,1,27,1,0,0,0,2],[28,38,29,5,1,0,0,3],[29,5,41,2,1,0,0,0],[30,38,31,5,1,0,0,3],[31,5,41,2,1,0,0,0],[32,33,33,5,1,0,0,3],[33,5,41,2,1,0,0,0],[34,47,36,5,1,0,0,3],[35,1,35,1,0,0,0,2],[36,11,41,2,1,0,0,0],[36,34,37,5,1,0,0,3],[37,11,41,2,1,0,0,0],[37,42,38,5,1,0,0,3],[38,11,41,2,1,0,0,0],[38,43,39,5,1,0,0,3],[39,11,41,2,1,0,0,0],[39,36,40,5,1,0,0,3],[40,11,41,2,1,0,0,0]]},{"branches":[],"count":1,"filenames":["/Volumes/D/Faculta/A1S2/OOP/labs/lab8-9/magazin/tests.cpp"],"name":"_ZN5Tests15test_validationEv","regions":[[43,31,90,2,1,0,0,0],[46,44,47,5,1,0,0,3],[47,5,90,2,1,0,0,0],[48,9,50,6,1,0,0,0],[50,28,52,6,1,0,0,0],[52,6,53,5,1,0,0,3],[53,5,90,2,1,0,0,0],[54,9,56,6,1,0,0,0],[56,28,58,6,1,0,0,0],[58,6,59,5,1,0,0,3],[59,5,90,2,1,0,0,0],[60,9,62,6,1,0,0,0],[62,28,64,6,1,0,0,0],[64,6,65,5,1,0,0,3],[65,5,90,2,1,0,0,0],[66,9,68,6,1,0,0,0],[68,28,70,6,1,0,0,0],[70,6,71,5,1,0,0,3],[71,5,90,2,1,0,0,0],[73,9,75,6,1,0,0,0],[75,28,77,6,1,0,0,0],[77,6,78,5,1,0,0,3],[78,5,90,2,1,0,0,0],[79,9,81,6,1,0,0,0],[81,28,83,6,1,0,0,0],[83,6,84,5,1,0,0,3],[84,5,90,2,1,0,0,0],[85,9,87,6,1,0,0,0],[87,28,89,6,1,0,0,0]]},{"branches":[],"count":1,"filenames":["/Volumes/D/Faculta/A1S2/OOP/labs/lab8-9/magazin/tests.cpp"],"name":"_ZN5Tests12test_serviceEv","regions":[[92,28,183,2,1,0,0,0],[96,1,96,1,0,0,0,2],[100,1,100,1,0,0,0,2],[101,9,103,6,1,0,0,0],[103,28,105,6,1,0,0,0],[105,6,107,5,1,0,0,3],[106,1,106,1,0,0,0,2],[107,5,183,2,1,0,0,0],[108,1,108,1,0,0,0,2],[111,1,111,1,0,0,0,2],[112,35,113,5,1,0,0,3],[113,11,183,2,1,0,0,0],[113,43,114,5,1,0,0,3],[114,11,183,2,1,0,0,0],[114,44,115,5,1,0,0,3],[115,11,183,2,1,0,0,0],[115,37,116,5,1,0,0,3],[116,11,183,2,1,0,0,0],[116,49,118,5,1,0,0,3],[117,1,117,1,0,0,0,2],[118,5,183,2,1,0,0,0],[119,36,121,5,1,0,0,3],[120,1,120,1,0,0,0,2],[121,11,183,2,1,0,0,0],[121,36,123,5,1,0,0,3],[122,1,122,1,0,0,0,2],[123,5,183,2,1,0,0,0],[127,1,127,1,0,0,0,2],[129,1,129,1,0,0,0,2],[130,43,131,5,1,0,0,3],[131,11,183,2,1,0,0,0],[131,43,132,5,1,0,0,3],[132,11,183,2,1,0,0,0],[132,38,133,5,1,0,0,3],[133,11,183,2,1,0,0,0],[133,52,135,5,1,0,0,3],[134,1,134,1,0,0,0,2],[135,5,183,2,1,0,0,0],[135,9,137,6,1,0,0,0],[137,34,139,6,1,0,0,0],[139,6,141,5,1,0,0,3],[140,1,140,1,0,0,0,2],[141,5,183,2,1,0,0,0],[150,1,150,22,0,0,0,2],[157,1,158,10,0,0,0,2],[159,9,161,6,1,0,0,0],[161,33,163,6,0,0,0,0],[163,6,164,5,0,0,0,3],[164,5,183,2,1,0,0,0],[167,32,168,5,1,0,0,3],[168,5,183,2,1,0,0,0],[169,1,169,1,0,0,0,2],[170,9,172,6,1,0,0,0],[172,33,174,6,1,0,0,0],[174,6,176,5,1,0,0,3],[175,1,175,1,0,0,0,2],[176,5,183,2,1,0,0,0],[176,9,178,6,1,0,0,0],[178,33,180,6,1,0,0,0],[181,1,182,1,0,0,0,2]]},{"branches":[[271,17,271,18,12,1,0,0,4],[272,12,272,31,4,8,0,0,4],[273,17,273,31,3,1,0,0,4]],"count":1,"filenames":["/Volumes/D/Faculta/A1S2/OOP/labs/lab8-9/magazin/tests.cpp"],"name":"_ZN5Tests12test_cos_badEv","regions":[[185,28,281,2,1,0,0,0],[190,1,190,1,0,0,0,2],[191,9,193,6,1,0,0,0],[193,28,195,6,1,0,0,0],[195,6,197,5,1,0,0,3],[196,1,196,1,0,0,0,2],[197,5,281,2,1,0,0,0],[209,1,209,1,0,0,0,2],[211,55,212,5,1,0,0,3],[212,5,281,2,1,0,0,0],[213,55,217,5,1,0,0,3],[214,1,216,1,0,0,0,2],[217,5,281,2,1,0,0,0],[227,1,227,1,0,0,0,2],[229,1,229,1,0,0,0,2],[231,1,231,1,0,0,0,2],[232,9,235,6,1,0,0,0],[235,29,237,6,1,0,0,0],[237,6,239,5,1,0,0,3],[238,1,238,1,0,0,0,2],[239,5,281,2,1,0,0,0],[239,9,242,6,1,0,0,0],[242,29,244,6,1,0,0,0],[244,6,246,5,1,0,0,3],[245,1,245,1,0,0,0,2],[246,5,281,2,1,0,0,0],[248,34,251,5,1,0,0,3],[249,1,250,1,0,0,0,2],[251,5,281,2,1,0,0,0],[252,41,254,5,1,0,0,3],[253,1,253,1,0,0,0,2],[254,5,281,2,1,0,0,0],[255,1,255,1,0,0,0,2],[266,1,266,1,0,0,0,2],[271,23,271,24,12,0,0,3],[271,24,280,6,12,0,0,0],[272,12,272,31,12,0,0,0],[272,32,272,33,4,0,0,3],[272,33,278,10,4,0,0,0],[273,17,273,31,4,0,0,0],[273,32,273,33,3,0,0,3],[273,33,275,14,3,0,0,0],[275,14,276,13,4,0,0,3],[276,13,278,10,4,0,0,0],[278,10,279,14,8,0,0,3],[279,14,279,19,8,0,0,0]]},{"branches":[],"count":1,"filenames":["/Volumes/D/Faculta/A1S2/OOP/labs/lab8-9/magazin/tests.cpp"],"name":"_ZN5Tests8test_cosEv","regions":[[283,24,335,2,1,0,0,0],[284,1,284,1,0,0,0,2],[288,1,288,1,0,0,0,2],[293,1,293,1,0,0,0,2],[294,9,296,6,1,0,0,0],[296,28,298,6,1,0,0,0],[298,6,300,5,1,0,0,3],[299,1,299,1,0,0,0,2],[300,5,335,2,1,0,0,0],[312,1,312,1,0,0,0,2],[314,55,315,5,1,0,0,3],[315,5,335,2,1,0,0,0],[316,55,318,5,1,0,0,3],[317,1,317,1,0,0,0,2],[318,5,335,2,1,0,0,0],[328,1,328,1,0,0,0,2],[329,37,333,5,1,0,0,3],[330,1,332,1,0,0,0,2],[333,5,335,2,1,0,0,0]]},{"branches":[],"count":1,"filenames":["/Volumes/D/Faculta/A1S2/OOP/labs/lab8-9/magazin/tests.cpp"],"name":"_ZN5Tests13run_all_testsEv","regions":[[337,29,344,2,1,0,0,0]]},{"branches":[[153,13,153,42,23,20,0,0,4],[154,13,154,42,19,1,0,0,4]],"count":43,"filenames":["/Volumes/D/Faculta/A1S2/OOP/labs/lab8-9/magazin/tests.cpp"],"name":"tests.cpp:_ZZN5Tests12test_serviceEvENK3$_0clERK6ProdusS3_","regions":[[152,75,156,6,43,0,0,0],[153,13,153,42,43,0,0,0],[153,43,153,44,23,0,0,3],[153,44,153,53,23,0,0,0],[153,54,154,9,20,0,0,3],[154,9,156,6,20,0,0,0],[154,13,154,42,20,0,0,0],[154,43,154,44,19,0,0,3],[154,44,154,52,19,0,0,0],[154,53,155,9,1,0,0,3],[155,9,155,17,1,0,0,0]]},{"branches":[],"count":10,"filenames":["/Volumes/D/Faculta/A1S2/OOP/labs/lab8-9/magazin/tests.cpp"],"name":"tests.cpp:_ZZN5Tests12test_serviceEvENK3$_1clERK6Produs","regions":[[164,76,166,6,10,0,0,0]]},{"branches":[],"count":31,"filenames":["/Volumes/D/Faculta/A1S2/OOP/labs/lab8-9/magazin/cos_cumparaturi.cpp"],"name":"_ZN14CosCumparaturi17adauga_produs_cosEi","regions":[[8,57,11,2,31,0,0,0]]},{"branches":[],"count":1,"filenames":["/Volumes/D/Faculta/A1S2/OOP/labs/lab8-9/magazin/cos_cumparaturi.cpp"],"name":"_ZNK14CosCumparaturi13get_total_cosEv","regions":[[13,43,15,2,1,0,0,0]]},{"branches":[[19,8,19,26,1,0,0,0,4]],"count":1,"filenames":["/Volumes/D/Faculta/A1S2/OOP/labs/lab8-9/magazin/cos_cumparaturi.cpp"],"name":"_ZN14CosCumparaturi17sterge_produs_cosEi","regions":[[17,57,23,2,1,0,0,0],[19,8,19,26,1,0,0,0],[19,27,19,28,1,0,0,3],[19,28,22,6,1,0,0,0]]},{"branches":[],"count":3,"filenames":["/Volumes/D/Faculta/A1S2/OOP/labs/lab8-9/magazin/cos_cumparaturi.cpp"],"name":"_ZNK14CosCumparaturi11get_all_cosEv","regions":[[25,61,27,2,3,0,0,0]]},{"branches":[[33,17,33,18,10,2,0,0,4]],"count":2,"filenames":["/Volumes/D/Faculta/A1S2/OOP/labs/lab8-9/magazin/cos_cumparaturi.cpp"],"name":"_ZNK14CosCumparaturi15exporta_cos_csvENSt3__112basic_stringIcNS0_11char_traitsIcEENS0_9allocatorIcEEEE","regions":[[29,67,39,2,2,0,0,0],[33,22,33,23,10,0,0,3],[33,23,36,6,10,0,0,0],[37,1,37,1,0,0,0,2]]},{"branches":[],"count":2,"filenames":["/Volumes/D/Faculta/A1S2/OOP/labs/lab8-9/magazin/cos_cumparaturi.cpp"],"name":"_ZN14CosCumparaturi11goleste_cosEv","regions":[[41,36,44,2,2,0,0,0]]}],"totals":{"branches":{"count":314,"covered":73,"notcovered":241,"percent":23.248407643312103},"functions":{"count":107,"covered":70,"percent":65.420560747663544},"instantiations":{"count":107,"covered":70,"percent":65.420560747663544},"lines":{"count":1066,"covered":591,"percent":55.44090056285178},"regions":{"count":601,"covered":250,"notcovered":351,"percent":41.597337770382694}}}],"type":"llvm.coverage.json.export","version":"2.0.1"}